<?xml version="1.0" encoding="UTF-8"?>
<!DOCTYPE svg PUBLIC "-//W3C//DTD SVG 1.1//EN" "http://www.w3.org/Graphics/SVG/1.1/DTD/svg11.dtd">
<svg version="1.2" viewBox="4020 7418 17670 6701" preserveAspectRatio="xMidYMid" fill-rule="evenodd" stroke-width="28.222" stroke-linejoin="round" xmlns="http://www.w3.org/2000/svg" xmlns:ooo="http://xml.openoffice.org/svg/export" xmlns:xlink="http://www.w3.org/1999/xlink" xmlns:presentation="http://sun.com/xmlns/staroffice/presentation" xmlns:smil="http://www.w3.org/2001/SMIL20/" xmlns:anim="urn:oasis:names:tc:opendocument:xmlns:animation:1.0" xmlns:svg="urn:oasis:names:tc:opendocument:xmlns:svg-compatible:1.0" xml:space="preserve">
 <defs>
  <font id="EmbeddedFont_1" horiz-adv-x="2048">
   <font-face font-family="Liberation Sans embedded" units-per-em="2048" font-weight="normal" font-style="normal" ascent="1852" descent="423"/>
   <missing-glyph horiz-adv-x="2048" d="M 0,0 L 2047,0 2047,2047 0,2047 0,0 Z "/>
   <glyph unicode="u" horiz-adv-x="867" d="M 314,1082 L 314,396 C 314,325 321,269 335,230 349,191 371,162 402,145 433,128 478,119 537,119 624,119 692,149 742,208 792,267 817,350 817,455 L 817,1082 997,1082 997,231 C 997,105 999,28 1003,0 L 833,0 C 832,3 832,12 831,27 830,42 830,59 829,78 828,97 826,132 825,185 L 822,185 C 781,110 733,58 679,27 624,-4 557,-20 476,-20 357,-20 271,10 216,69 161,128 133,225 133,361 L 133,1082 314,1082 Z "/>
   <glyph unicode="s" horiz-adv-x="891" d="M 950,299 C 950,197 912,118 835,63 758,8 650,-20 511,-20 376,-20 273,2 200,47 127,91 79,160 57,254 L 216,285 C 231,227 263,185 311,158 359,131 426,117 511,117 602,117 669,131 712,159 754,187 775,229 775,285 775,328 760,362 731,389 702,416 654,438 589,455 L 460,489 C 357,516 283,542 240,568 196,593 162,624 137,661 112,698 100,743 100,796 100,895 135,970 206,1022 276,1073 378,1099 513,1099 632,1099 727,1078 798,1036 868,994 912,927 931,834 L 769,814 C 759,862 732,899 689,925 645,950 586,963 513,963 432,963 372,951 333,926 294,901 275,864 275,814 275,783 283,758 299,738 315,718 339,701 370,687 401,673 467,654 568,629 663,605 732,583 774,563 816,542 849,520 874,495 898,470 917,442 930,410 943,377 950,340 950,299 Z "/>
   <glyph unicode="n" horiz-adv-x="867" d="M 825,0 L 825,686 C 825,757 818,813 804,852 790,891 768,920 737,937 706,954 661,963 602,963 515,963 447,933 397,874 347,815 322,732 322,627 L 322,0 142,0 142,851 C 142,977 140,1054 136,1082 L 306,1082 C 307,1079 307,1070 308,1055 309,1040 310,1024 311,1005 312,986 313,950 314,897 L 317,897 C 358,972 406,1025 461,1056 515,1087 582,1102 663,1102 782,1102 869,1073 924,1014 979,955 1006,857 1006,721 L 1006,0 825,0 Z "/>
   <glyph unicode="i" horiz-adv-x="181" d="M 137,1312 L 137,1484 317,1484 317,1312 137,1312 Z M 137,0 L 137,1082 317,1082 317,0 137,0 Z "/>
   <glyph unicode="e" horiz-adv-x="958" d="M 276,503 C 276,379 302,283 353,216 404,149 479,115 578,115 656,115 719,131 766,162 813,193 844,233 861,281 L 1019,236 C 954,65 807,-20 578,-20 418,-20 296,28 213,123 129,218 87,360 87,548 87,727 129,864 213,959 296,1054 416,1102 571,1102 889,1102 1048,910 1048,527 L 1048,503 276,503 Z M 862,641 C 852,755 823,838 775,891 727,943 658,969 568,969 481,969 412,940 361,882 310,823 282,743 278,641 L 862,641 Z "/>
   <glyph unicode="B" horiz-adv-x="1086" d="M 1258,397 C 1258,272 1212,174 1121,105 1030,35 903,0 740,0 L 168,0 168,1409 680,1409 C 1011,1409 1176,1295 1176,1067 1176,984 1153,914 1106,857 1059,800 993,762 908,743 1020,730 1106,692 1167,631 1228,569 1258,491 1258,397 Z M 984,1044 C 984,1120 958,1174 906,1207 854,1240 779,1256 680,1256 L 359,1256 359,810 680,810 C 782,810 858,829 909,868 959,906 984,965 984,1044 Z M 1065,412 C 1065,578 948,661 715,661 L 359,661 359,153 730,153 C 847,153 932,175 985,218 1038,261 1065,326 1065,412 Z "/>
  </font>
 </defs>
 <defs class="EmbeddedBulletChars">
  <g id="bullet-char-template-57356" transform="scale(0.00048828125,-0.00048828125)">
   <path d="M 580,1141 L 1163,571 580,0 -4,571 580,1141 Z"/>
  </g>
  <g id="bullet-char-template-57354" transform="scale(0.00048828125,-0.00048828125)">
   <path d="M 8,1128 L 1137,1128 1137,0 8,0 8,1128 Z"/>
  </g>
  <g id="bullet-char-template-10146" transform="scale(0.00048828125,-0.00048828125)">
   <path d="M 174,0 L 602,739 174,1481 1456,739 174,0 Z M 1358,739 L 309,1346 659,739 1358,739 Z"/>
  </g>
  <g id="bullet-char-template-10132" transform="scale(0.00048828125,-0.00048828125)">
   <path d="M 2015,739 L 1276,0 717,0 1260,543 174,543 174,936 1260,936 717,1481 1274,1481 2015,739 Z"/>
  </g>
  <g id="bullet-char-template-10007" transform="scale(0.00048828125,-0.00048828125)">
   <path d="M 0,-2 C -7,14 -16,27 -25,37 L 356,567 C 262,823 215,952 215,954 215,979 228,992 255,992 264,992 276,990 289,987 310,991 331,999 354,1012 L 381,999 492,748 772,1049 836,1024 860,1049 C 881,1039 901,1025 922,1006 886,937 835,863 770,784 769,783 710,716 594,584 L 774,223 C 774,196 753,168 711,139 L 727,119 C 717,90 699,76 672,76 641,76 570,178 457,381 L 164,-76 C 142,-110 111,-127 72,-127 30,-127 9,-110 8,-76 1,-67 -2,-52 -2,-32 -2,-23 -1,-13 0,-2 Z"/>
  </g>
  <g id="bullet-char-template-10004" transform="scale(0.00048828125,-0.00048828125)">
   <path d="M 285,-33 C 182,-33 111,30 74,156 52,228 41,333 41,471 41,549 55,616 82,672 116,743 169,778 240,778 293,778 328,747 346,684 L 369,508 C 377,444 397,411 428,410 L 1163,1116 C 1174,1127 1196,1133 1229,1133 1271,1133 1292,1118 1292,1087 L 1292,965 C 1292,929 1282,901 1262,881 L 442,47 C 390,-6 338,-33 285,-33 Z"/>
  </g>
  <g id="bullet-char-template-9679" transform="scale(0.00048828125,-0.00048828125)">
   <path d="M 813,0 C 632,0 489,54 383,161 276,268 223,411 223,592 223,773 276,916 383,1023 489,1130 632,1184 813,1184 992,1184 1136,1130 1245,1023 1353,916 1407,772 1407,592 1407,412 1353,268 1245,161 1136,54 992,0 813,0 Z"/>
  </g>
  <g id="bullet-char-template-8226" transform="scale(0.00048828125,-0.00048828125)">
   <path d="M 346,457 C 273,457 209,483 155,535 101,586 74,649 74,723 74,796 101,859 155,911 209,963 273,989 346,989 419,989 480,963 531,910 582,859 608,796 608,723 608,648 583,586 532,535 482,483 420,457 346,457 Z"/>
  </g>
  <g id="bullet-char-template-8211" transform="scale(0.00048828125,-0.00048828125)">
   <path d="M -4,459 L 1135,459 1135,606 -4,606 -4,459 Z"/>
  </g>
  <g id="bullet-char-template-61548" transform="scale(0.00048828125,-0.00048828125)">
   <path d="M 173,740 C 173,903 231,1043 346,1159 462,1274 601,1332 765,1332 928,1332 1067,1274 1183,1159 1299,1043 1357,903 1357,740 1357,577 1299,437 1183,322 1067,206 928,148 765,148 601,148 462,206 346,322 231,437 173,577 173,740 Z"/>
  </g>
 </defs>
 <g ooo:name="page2" class="Page">
  <g class="com.sun.star.drawing.CustomShape">
   <g id="id3">
    <rect class="BoundingBox" stroke="none" fill="none" x="4055" y="7427" width="4097" height="2489"/>
    <g>
     <defs>
      <pattern id="pattern1" x="4056" y="7428" width="4096" height="2487" patternUnits="userSpaceOnUse">
       <g transform="translate(-4056,-7428)">
        <defs>
         <clipPath id="clip_path_1" clipPathUnits="userSpaceOnUse">
          <path d="M 4048,7435 L 8149,7435 8149,9922 4048,9922 4048,7435 Z "/>
         </clipPath>
        </defs>
        <g clip-path="url(#clip_path_1)">
         <path fill="rgb(255,0,0)" stroke="none" d="M 4055,7427 L 8152,7427 8152,9915 4055,9915 4055,7427 Z M 8153,9802 C 9463,9802 10526,8740 10526,7428 10526,6117 9463,5054 8153,5054 6843,5054 5780,6117 5780,7428 5780,8740 6843,9802 8153,9802 Z "/>
         <path fill="rgb(254,0,0)" stroke="none" d="M 8153,9802 C 9463,9802 10526,8740 10526,7428 10526,6117 9463,5054 8153,5054 6843,5054 5780,6117 5780,7428 5780,8740 6843,9802 8153,9802 Z M 8153,9779 C 9450,9779 10503,8727 10503,7428 10503,6130 9450,5077 8153,5077 6856,5077 5803,6130 5803,7428 5803,8727 6856,9779 8153,9779 Z "/>
         <path fill="rgb(253,0,0)" stroke="none" d="M 8153,9779 C 9450,9779 10503,8727 10503,7428 10503,6130 9450,5077 8153,5077 6856,5077 5803,6130 5803,7428 5803,8727 6856,9779 8153,9779 Z M 8153,9756 C 9438,9756 10480,8714 10480,7428 10480,6143 9438,5100 8153,5100 6868,5100 5826,6143 5826,7428 5826,8714 6868,9756 8153,9756 Z "/>
         <path fill="rgb(252,0,0)" stroke="none" d="M 8153,9756 C 9438,9756 10480,8714 10480,7428 10480,6143 9438,5100 8153,5100 6868,5100 5826,6143 5826,7428 5826,8714 6868,9756 8153,9756 Z M 8153,9733 C 9425,9733 10457,8702 10457,7428 10457,6155 9425,5123 8153,5123 6881,5123 5849,6155 5849,7428 5849,8702 6881,9733 8153,9733 Z "/>
         <path fill="rgb(251,0,0)" stroke="none" d="M 8153,9733 C 9425,9733 10457,8702 10457,7428 10457,6155 9425,5123 8153,5123 6881,5123 5849,6155 5849,7428 5849,8702 6881,9733 8153,9733 Z M 8153,9710 C 9412,9710 10434,8689 10434,7428 10434,6168 9412,5146 8153,5146 6894,5146 5872,6168 5872,7428 5872,8689 6894,9710 8153,9710 Z "/>
         <path fill="rgb(250,0,0)" stroke="none" d="M 8153,9710 C 9412,9710 10434,8689 10434,7428 10434,6168 9412,5146 8153,5146 6894,5146 5872,6168 5872,7428 5872,8689 6894,9710 8153,9710 Z M 8153,9687 C 9400,9687 10411,8676 10411,7428 10411,6181 9400,5169 8153,5169 6906,5169 5895,6181 5895,7428 5895,8676 6906,9687 8153,9687 Z "/>
         <path fill="rgb(249,0,0)" stroke="none" d="M 8153,9687 C 9400,9687 10411,8676 10411,7428 10411,6181 9400,5169 8153,5169 6906,5169 5895,6181 5895,7428 5895,8676 6906,9687 8153,9687 Z M 8153,9664 C 9387,9664 10388,8663 10388,7428 10388,6194 9387,5192 8153,5192 6919,5192 5918,6194 5918,7428 5918,8663 6919,9664 8153,9664 Z "/>
         <path fill="rgb(248,0,0)" stroke="none" d="M 8153,9664 C 9387,9664 10388,8663 10388,7428 10388,6194 9387,5192 8153,5192 6919,5192 5918,6194 5918,7428 5918,8663 6919,9664 8153,9664 Z M 8153,9641 C 9374,9641 10365,8651 10365,7428 10365,6206 9374,5215 8153,5215 6932,5215 5941,6206 5941,7428 5941,8651 6932,9641 8153,9641 Z "/>
         <path fill="rgb(247,0,0)" stroke="none" d="M 8153,9641 C 9374,9641 10365,8651 10365,7428 10365,6206 9374,5215 8153,5215 6932,5215 5941,6206 5941,7428 5941,8651 6932,9641 8153,9641 Z M 8153,9618 C 9361,9618 10342,8638 10342,7428 10342,6219 9361,5238 8153,5238 6945,5238 5964,6219 5964,7428 5964,8638 6945,9618 8153,9618 Z "/>
         <path fill="rgb(246,0,0)" stroke="none" d="M 8153,9618 C 9361,9618 10342,8638 10342,7428 10342,6219 9361,5238 8153,5238 6945,5238 5964,6219 5964,7428 5964,8638 6945,9618 8153,9618 Z M 8153,9595 C 9349,9595 10319,8625 10319,7428 10319,6232 9349,5261 8153,5261 6957,5261 5987,6232 5987,7428 5987,8625 6957,9595 8153,9595 Z "/>
         <path fill="rgb(245,0,0)" stroke="none" d="M 8153,9595 C 9349,9595 10319,8625 10319,7428 10319,6232 9349,5261 8153,5261 6957,5261 5987,6232 5987,7428 5987,8625 6957,9595 8153,9595 Z M 8153,9572 C 9336,9572 10296,8613 10296,7428 10296,6244 9336,5284 8153,5284 6970,5284 6010,6244 6010,7428 6010,8613 6970,9572 8153,9572 Z "/>
         <path fill="rgb(244,0,0)" stroke="none" d="M 8153,9572 C 9336,9572 10296,8613 10296,7428 10296,6244 9336,5284 8153,5284 6970,5284 6010,6244 6010,7428 6010,8613 6970,9572 8153,9572 Z M 8153,9549 C 9323,9549 10273,8600 10273,7428 10273,6257 9323,5307 8153,5307 6983,5307 6033,6257 6033,7428 6033,8600 6983,9549 8153,9549 Z "/>
         <path fill="rgb(243,0,0)" stroke="none" d="M 8153,9549 C 9323,9549 10273,8600 10273,7428 10273,6257 9323,5307 8153,5307 6983,5307 6033,6257 6033,7428 6033,8600 6983,9549 8153,9549 Z M 8153,9526 C 9311,9526 10250,8587 10250,7428 10250,6270 9311,5330 8153,5330 6995,5330 6056,6270 6056,7428 6056,8587 6995,9526 8153,9526 Z "/>
         <path fill="rgb(242,0,0)" stroke="none" d="M 8153,9526 C 9311,9526 10250,8587 10250,7428 10250,6270 9311,5330 8153,5330 6995,5330 6056,6270 6056,7428 6056,8587 6995,9526 8153,9526 Z M 8153,9503 C 9298,9503 10227,8574 10227,7428 10227,6283 9298,5353 8153,5353 7008,5353 6079,6283 6079,7428 6079,8574 7008,9503 8153,9503 Z "/>
         <path fill="rgb(241,0,0)" stroke="none" d="M 8153,9503 C 9298,9503 10227,8574 10227,7428 10227,6283 9298,5353 8153,5353 7008,5353 6079,6283 6079,7428 6079,8574 7008,9503 8153,9503 Z M 8153,9480 C 9285,9480 10204,8562 10204,7428 10204,6295 9285,5376 8153,5376 7021,5376 6102,6295 6102,7428 6102,8562 7021,9480 8153,9480 Z "/>
         <path fill="rgb(240,0,0)" stroke="none" d="M 8153,9480 C 9285,9480 10204,8562 10204,7428 10204,6295 9285,5376 8153,5376 7021,5376 6102,6295 6102,7428 6102,8562 7021,9480 8153,9480 Z M 8153,9457 C 9273,9457 10181,8549 10181,7428 10181,6308 9273,5399 8153,5399 7033,5399 6125,6308 6125,7428 6125,8549 7033,9457 8153,9457 Z "/>
         <path fill="rgb(239,0,0)" stroke="none" d="M 8153,9457 C 9273,9457 10181,8549 10181,7428 10181,6308 9273,5399 8153,5399 7033,5399 6125,6308 6125,7428 6125,8549 7033,9457 8153,9457 Z M 8153,9434 C 9260,9434 10158,8536 10158,7428 10158,6321 9260,5422 8153,5422 7046,5422 6148,6321 6148,7428 6148,8536 7046,9434 8153,9434 Z "/>
         <path fill="rgb(238,0,0)" stroke="none" d="M 8153,9434 C 9260,9434 10158,8536 10158,7428 10158,6321 9260,5422 8153,5422 7046,5422 6148,6321 6148,7428 6148,8536 7046,9434 8153,9434 Z M 8153,9411 C 9247,9411 10135,8524 10135,7428 10135,6333 9247,5445 8153,5445 7059,5445 6171,6333 6171,7428 6171,8524 7059,9411 8153,9411 Z "/>
         <path fill="rgb(237,0,0)" stroke="none" d="M 8153,9411 C 9247,9411 10135,8524 10135,7428 10135,6333 9247,5445 8153,5445 7059,5445 6171,6333 6171,7428 6171,8524 7059,9411 8153,9411 Z M 8153,9387 C 9234,9387 10111,8510 10111,7428 10111,6347 9234,5469 8153,5469 7072,5469 6195,6347 6195,7428 6195,8510 7072,9387 8153,9387 Z "/>
         <path fill="rgb(236,0,0)" stroke="none" d="M 8153,9387 C 9234,9387 10111,8510 10111,7428 10111,6347 9234,5469 8153,5469 7072,5469 6195,6347 6195,7428 6195,8510 7072,9387 8153,9387 Z M 8153,9364 C 9221,9364 10088,8498 10088,7428 10088,6359 9221,5492 8153,5492 7085,5492 6218,6359 6218,7428 6218,8498 7085,9364 8153,9364 Z "/>
         <path fill="rgb(235,0,0)" stroke="none" d="M 8153,9364 C 9221,9364 10088,8498 10088,7428 10088,6359 9221,5492 8153,5492 7085,5492 6218,6359 6218,7428 6218,8498 7085,9364 8153,9364 Z M 8153,9341 C 9208,9341 10065,8485 10065,7428 10065,6372 9208,5515 8153,5515 7098,5515 6241,6372 6241,7428 6241,8485 7098,9341 8153,9341 Z "/>
         <path fill="rgb(234,0,0)" stroke="none" d="M 8153,9341 C 9208,9341 10065,8485 10065,7428 10065,6372 9208,5515 8153,5515 7098,5515 6241,6372 6241,7428 6241,8485 7098,9341 8153,9341 Z M 8153,9318 C 9196,9318 10042,8472 10042,7428 10042,6385 9196,5538 8153,5538 7110,5538 6264,6385 6264,7428 6264,8472 7110,9318 8153,9318 Z "/>
         <path fill="rgb(233,0,0)" stroke="none" d="M 8153,9318 C 9196,9318 10042,8472 10042,7428 10042,6385 9196,5538 8153,5538 7110,5538 6264,6385 6264,7428 6264,8472 7110,9318 8153,9318 Z M 8153,9295 C 9183,9295 10019,8460 10019,7428 10019,6397 9183,5561 8153,5561 7123,5561 6287,6397 6287,7428 6287,8460 7123,9295 8153,9295 Z "/>
         <path fill="rgb(232,0,0)" stroke="none" d="M 8153,9295 C 9183,9295 10019,8460 10019,7428 10019,6397 9183,5561 8153,5561 7123,5561 6287,6397 6287,7428 6287,8460 7123,9295 8153,9295 Z M 8153,9272 C 9170,9272 9996,8447 9996,7428 9996,6410 9170,5584 8153,5584 7136,5584 6310,6410 6310,7428 6310,8447 7136,9272 8153,9272 Z "/>
         <path fill="rgb(231,0,0)" stroke="none" d="M 8153,9272 C 9170,9272 9996,8447 9996,7428 9996,6410 9170,5584 8153,5584 7136,5584 6310,6410 6310,7428 6310,8447 7136,9272 8153,9272 Z M 8153,9249 C 9158,9249 9973,8434 9973,7428 9973,6423 9158,5607 8153,5607 7148,5607 6333,6423 6333,7428 6333,8434 7148,9249 8153,9249 Z "/>
         <path fill="rgb(230,0,0)" stroke="none" d="M 8153,9249 C 9158,9249 9973,8434 9973,7428 9973,6423 9158,5607 8153,5607 7148,5607 6333,6423 6333,7428 6333,8434 7148,9249 8153,9249 Z M 8153,9226 C 9145,9226 9950,8422 9950,7428 9950,6435 9145,5630 8153,5630 7161,5630 6356,6435 6356,7428 6356,8422 7161,9226 8153,9226 Z "/>
         <path fill="rgb(229,0,0)" stroke="none" d="M 8153,9226 C 9145,9226 9950,8422 9950,7428 9950,6435 9145,5630 8153,5630 7161,5630 6356,6435 6356,7428 6356,8422 7161,9226 8153,9226 Z M 8153,9203 C 9132,9203 9927,8409 9927,7428 9927,6448 9132,5653 8153,5653 7174,5653 6379,6448 6379,7428 6379,8409 7174,9203 8153,9203 Z "/>
         <path fill="rgb(228,0,0)" stroke="none" d="M 8153,9203 C 9132,9203 9927,8409 9927,7428 9927,6448 9132,5653 8153,5653 7174,5653 6379,6448 6379,7428 6379,8409 7174,9203 8153,9203 Z M 8153,9180 C 9120,9180 9904,8396 9904,7428 9904,6461 9120,5676 8153,5676 7186,5676 6402,6461 6402,7428 6402,8396 7186,9180 8153,9180 Z "/>
         <path fill="rgb(227,0,0)" stroke="none" d="M 8153,9180 C 9120,9180 9904,8396 9904,7428 9904,6461 9120,5676 8153,5676 7186,5676 6402,6461 6402,7428 6402,8396 7186,9180 8153,9180 Z M 8153,9157 C 9107,9157 9881,8383 9881,7428 9881,6474 9107,5699 8153,5699 7199,5699 6425,6474 6425,7428 6425,8383 7199,9157 8153,9157 Z "/>
         <path fill="rgb(226,0,0)" stroke="none" d="M 8153,9157 C 9107,9157 9881,8383 9881,7428 9881,6474 9107,5699 8153,5699 7199,5699 6425,6474 6425,7428 6425,8383 7199,9157 8153,9157 Z M 8153,9134 C 9094,9134 9858,8371 9858,7428 9858,6486 9094,5722 8153,5722 7212,5722 6448,6486 6448,7428 6448,8371 7212,9134 8153,9134 Z "/>
         <path fill="rgb(225,0,0)" stroke="none" d="M 8153,9134 C 9094,9134 9858,8371 9858,7428 9858,6486 9094,5722 8153,5722 7212,5722 6448,6486 6448,7428 6448,8371 7212,9134 8153,9134 Z M 8153,9111 C 9081,9111 9835,8358 9835,7428 9835,6499 9081,5745 8153,5745 7225,5745 6471,6499 6471,7428 6471,8358 7225,9111 8153,9111 Z "/>
         <path fill="rgb(224,0,0)" stroke="none" d="M 8153,9111 C 9081,9111 9835,8358 9835,7428 9835,6499 9081,5745 8153,5745 7225,5745 6471,6499 6471,7428 6471,8358 7225,9111 8153,9111 Z M 8153,9088 C 9069,9088 9812,8345 9812,7428 9812,6512 9069,5768 8153,5768 7237,5768 6494,6512 6494,7428 6494,8345 7237,9088 8153,9088 Z "/>
         <path fill="rgb(223,0,0)" stroke="none" d="M 8153,9088 C 9069,9088 9812,8345 9812,7428 9812,6512 9069,5768 8153,5768 7237,5768 6494,6512 6494,7428 6494,8345 7237,9088 8153,9088 Z M 8153,9065 C 9056,9065 9789,8333 9789,7428 9789,6524 9056,5791 8153,5791 7250,5791 6517,6524 6517,7428 6517,8333 7250,9065 8153,9065 Z "/>
         <path fill="rgb(222,0,0)" stroke="none" d="M 8153,9065 C 9056,9065 9789,8333 9789,7428 9789,6524 9056,5791 8153,5791 7250,5791 6517,6524 6517,7428 6517,8333 7250,9065 8153,9065 Z M 8153,9042 C 9043,9042 9766,8320 9766,7428 9766,6537 9043,5814 8153,5814 7263,5814 6540,6537 6540,7428 6540,8320 7263,9042 8153,9042 Z "/>
         <path fill="rgb(221,0,0)" stroke="none" d="M 8153,9042 C 9043,9042 9766,8320 9766,7428 9766,6537 9043,5814 8153,5814 7263,5814 6540,6537 6540,7428 6540,8320 7263,9042 8153,9042 Z M 8153,9019 C 9031,9019 9743,8307 9743,7428 9743,6550 9031,5837 8153,5837 7275,5837 6563,6550 6563,7428 6563,8307 7275,9019 8153,9019 Z "/>
         <path fill="rgb(220,0,0)" stroke="none" d="M 8153,9019 C 9031,9019 9743,8307 9743,7428 9743,6550 9031,5837 8153,5837 7275,5837 6563,6550 6563,7428 6563,8307 7275,9019 8153,9019 Z M 8153,8996 C 9018,8996 9720,8294 9720,7428 9720,6563 9018,5860 8153,5860 7288,5860 6586,6563 6586,7428 6586,8294 7288,8996 8153,8996 Z "/>
         <path fill="rgb(219,0,0)" stroke="none" d="M 8153,8996 C 9018,8996 9720,8294 9720,7428 9720,6563 9018,5860 8153,5860 7288,5860 6586,6563 6586,7428 6586,8294 7288,8996 8153,8996 Z M 8153,8973 C 9005,8973 9697,8282 9697,7428 9697,6575 9005,5883 8153,5883 7301,5883 6609,6575 6609,7428 6609,8282 7301,8973 8153,8973 Z "/>
         <path fill="rgb(218,0,0)" stroke="none" d="M 8153,8973 C 9005,8973 9697,8282 9697,7428 9697,6575 9005,5883 8153,5883 7301,5883 6609,6575 6609,7428 6609,8282 7301,8973 8153,8973 Z M 8153,8949 C 8992,8949 9673,8269 9673,7428 9673,6588 8992,5907 8153,5907 7314,5907 6633,6588 6633,7428 6633,8269 7314,8949 8153,8949 Z "/>
         <path fill="rgb(217,0,0)" stroke="none" d="M 8153,8949 C 8992,8949 9673,8269 9673,7428 9673,6588 8992,5907 8153,5907 7314,5907 6633,6588 6633,7428 6633,8269 7314,8949 8153,8949 Z M 8153,8926 C 8979,8926 9650,8256 9650,7428 9650,6601 8979,5930 8153,5930 7327,5930 6656,6601 6656,7428 6656,8256 7327,8926 8153,8926 Z "/>
         <path fill="rgb(216,0,0)" stroke="none" d="M 8153,8926 C 8979,8926 9650,8256 9650,7428 9650,6601 8979,5930 8153,5930 7327,5930 6656,6601 6656,7428 6656,8256 7327,8926 8153,8926 Z M 8153,8903 C 8967,8903 9627,8243 9627,7428 9627,6614 8967,5953 8153,5953 7339,5953 6679,6614 6679,7428 6679,8243 7339,8903 8153,8903 Z "/>
         <path fill="rgb(215,0,0)" stroke="none" d="M 8153,8903 C 8967,8903 9627,8243 9627,7428 9627,6614 8967,5953 8153,5953 7339,5953 6679,6614 6679,7428 6679,8243 7339,8903 8153,8903 Z M 8153,8880 C 8954,8880 9604,8230 9604,7428 9604,6627 8954,5976 8153,5976 7352,5976 6702,6627 6702,7428 6702,8230 7352,8880 8153,8880 Z "/>
         <path fill="rgb(214,0,0)" stroke="none" d="M 8153,8880 C 8954,8880 9604,8230 9604,7428 9604,6627 8954,5976 8153,5976 7352,5976 6702,6627 6702,7428 6702,8230 7352,8880 8153,8880 Z M 8153,8857 C 8941,8857 9581,8218 9581,7428 9581,6639 8941,5999 8153,5999 7365,5999 6725,6639 6725,7428 6725,8218 7365,8857 8153,8857 Z "/>
         <path fill="rgb(213,0,0)" stroke="none" d="M 8153,8857 C 8941,8857 9581,8218 9581,7428 9581,6639 8941,5999 8153,5999 7365,5999 6725,6639 6725,7428 6725,8218 7365,8857 8153,8857 Z M 8153,8834 C 8928,8834 9558,8205 9558,7428 9558,6652 8928,6022 8153,6022 7378,6022 6748,6652 6748,7428 6748,8205 7378,8834 8153,8834 Z "/>
         <path fill="rgb(212,0,0)" stroke="none" d="M 8153,8834 C 8928,8834 9558,8205 9558,7428 9558,6652 8928,6022 8153,6022 7378,6022 6748,6652 6748,7428 6748,8205 7378,8834 8153,8834 Z M 8153,8811 C 8916,8811 9535,8192 9535,7428 9535,6665 8916,6045 8153,6045 7390,6045 6771,6665 6771,7428 6771,8192 7390,8811 8153,8811 Z "/>
         <path fill="rgb(211,0,0)" stroke="none" d="M 8153,8811 C 8916,8811 9535,8192 9535,7428 9535,6665 8916,6045 8153,6045 7390,6045 6771,6665 6771,7428 6771,8192 7390,8811 8153,8811 Z M 8153,8788 C 8903,8788 9512,8180 9512,7428 9512,6677 8903,6068 8153,6068 7403,6068 6794,6677 6794,7428 6794,8180 7403,8788 8153,8788 Z "/>
         <path fill="rgb(210,0,0)" stroke="none" d="M 8153,8788 C 8903,8788 9512,8180 9512,7428 9512,6677 8903,6068 8153,6068 7403,6068 6794,6677 6794,7428 6794,8180 7403,8788 8153,8788 Z M 8153,8765 C 8890,8765 9489,8167 9489,7428 9489,6690 8890,6091 8153,6091 7416,6091 6817,6690 6817,7428 6817,8167 7416,8765 8153,8765 Z "/>
         <path fill="rgb(209,0,0)" stroke="none" d="M 8153,8765 C 8890,8765 9489,8167 9489,7428 9489,6690 8890,6091 8153,6091 7416,6091 6817,6690 6817,7428 6817,8167 7416,8765 8153,8765 Z M 8153,8742 C 8878,8742 9466,8154 9466,7428 9466,6703 8878,6114 8153,6114 7428,6114 6840,6703 6840,7428 6840,8154 7428,8742 8153,8742 Z "/>
         <path fill="rgb(208,0,0)" stroke="none" d="M 8153,8742 C 8878,8742 9466,8154 9466,7428 9466,6703 8878,6114 8153,6114 7428,6114 6840,6703 6840,7428 6840,8154 7428,8742 8153,8742 Z M 8153,8719 C 8865,8719 9443,8141 9443,7428 9443,6716 8865,6137 8153,6137 7441,6137 6863,6716 6863,7428 6863,8141 7441,8719 8153,8719 Z "/>
         <path fill="rgb(207,0,0)" stroke="none" d="M 8153,8719 C 8865,8719 9443,8141 9443,7428 9443,6716 8865,6137 8153,6137 7441,6137 6863,6716 6863,7428 6863,8141 7441,8719 8153,8719 Z M 8153,8696 C 8852,8696 9420,8129 9420,7428 9420,6728 8852,6160 8153,6160 7454,6160 6886,6728 6886,7428 6886,8129 7454,8696 8153,8696 Z "/>
         <path fill="rgb(206,0,0)" stroke="none" d="M 8153,8696 C 8852,8696 9420,8129 9420,7428 9420,6728 8852,6160 8153,6160 7454,6160 6886,6728 6886,7428 6886,8129 7454,8696 8153,8696 Z M 8153,8673 C 8840,8673 9397,8116 9397,7428 9397,6741 8840,6183 8153,6183 7466,6183 6909,6741 6909,7428 6909,8116 7466,8673 8153,8673 Z "/>
         <path fill="rgb(205,0,0)" stroke="none" d="M 8153,8673 C 8840,8673 9397,8116 9397,7428 9397,6741 8840,6183 8153,6183 7466,6183 6909,6741 6909,7428 6909,8116 7466,8673 8153,8673 Z M 8153,8650 C 8827,8650 9374,8103 9374,7428 9374,6754 8827,6206 8153,6206 7479,6206 6932,6754 6932,7428 6932,8103 7479,8650 8153,8650 Z "/>
         <path fill="rgb(204,0,0)" stroke="none" d="M 8153,8650 C 8827,8650 9374,8103 9374,7428 9374,6754 8827,6206 8153,6206 7479,6206 6932,6754 6932,7428 6932,8103 7479,8650 8153,8650 Z M 8153,8627 C 8814,8627 9351,8091 9351,7428 9351,6766 8814,6229 8153,6229 7492,6229 6955,6766 6955,7428 6955,8091 7492,8627 8153,8627 Z "/>
         <path fill="rgb(203,0,0)" stroke="none" d="M 8153,8627 C 8814,8627 9351,8091 9351,7428 9351,6766 8814,6229 8153,6229 7492,6229 6955,6766 6955,7428 6955,8091 7492,8627 8153,8627 Z M 8153,8604 C 8801,8604 9328,8078 9328,7428 9328,6779 8801,6252 8153,6252 7505,6252 6978,6779 6978,7428 6978,8078 7505,8604 8153,8604 Z "/>
         <path fill="rgb(202,0,0)" stroke="none" d="M 8153,8604 C 8801,8604 9328,8078 9328,7428 9328,6779 8801,6252 8153,6252 7505,6252 6978,6779 6978,7428 6978,8078 7505,8604 8153,8604 Z M 8153,8581 C 8789,8581 9305,8065 9305,7428 9305,6792 8789,6275 8153,6275 7517,6275 7001,6792 7001,7428 7001,8065 7517,8581 8153,8581 Z "/>
         <path fill="rgb(201,0,0)" stroke="none" d="M 8153,8581 C 8789,8581 9305,8065 9305,7428 9305,6792 8789,6275 8153,6275 7517,6275 7001,6792 7001,7428 7001,8065 7517,8581 8153,8581 Z M 8153,8558 C 8776,8558 9282,8053 9282,7428 9282,6804 8776,6298 8153,6298 7530,6298 7024,6804 7024,7428 7024,8053 7530,8558 8153,8558 Z "/>
         <path fill="rgb(200,0,0)" stroke="none" d="M 8153,8558 C 8776,8558 9282,8053 9282,7428 9282,6804 8776,6298 8153,6298 7530,6298 7024,6804 7024,7428 7024,8053 7530,8558 8153,8558 Z M 8153,8535 C 8763,8535 9259,8040 9259,7428 9259,6817 8763,6321 8153,6321 7543,6321 7047,6817 7047,7428 7047,8040 7543,8535 8153,8535 Z "/>
         <path fill="rgb(199,0,0)" stroke="none" d="M 8153,8535 C 8763,8535 9259,8040 9259,7428 9259,6817 8763,6321 8153,6321 7543,6321 7047,6817 7047,7428 7047,8040 7543,8535 8153,8535 Z M 8153,8511 C 8750,8511 9235,8027 9235,7428 9235,6830 8750,6345 8153,6345 7556,6345 7071,6830 7071,7428 7071,8027 7556,8511 8153,8511 Z "/>
         <path fill="rgb(198,0,0)" stroke="none" d="M 8153,8511 C 8750,8511 9235,8027 9235,7428 9235,6830 8750,6345 8153,6345 7556,6345 7071,6830 7071,7428 7071,8027 7556,8511 8153,8511 Z M 8153,8488 C 8737,8488 9212,8014 9212,7428 9212,6843 8737,6368 8153,6368 7569,6368 7094,6843 7094,7428 7094,8014 7569,8488 8153,8488 Z "/>
         <path fill="rgb(197,0,0)" stroke="none" d="M 8153,8488 C 8737,8488 9212,8014 9212,7428 9212,6843 8737,6368 8153,6368 7569,6368 7094,6843 7094,7428 7094,8014 7569,8488 8153,8488 Z M 8153,8465 C 8725,8465 9189,8001 9189,7428 9189,6856 8725,6391 8153,6391 7581,6391 7117,6856 7117,7428 7117,8001 7581,8465 8153,8465 Z "/>
         <path fill="rgb(196,0,0)" stroke="none" d="M 8153,8465 C 8725,8465 9189,8001 9189,7428 9189,6856 8725,6391 8153,6391 7581,6391 7117,6856 7117,7428 7117,8001 7581,8465 8153,8465 Z M 8153,8442 C 8712,8442 9166,7989 9166,7428 9166,6868 8712,6414 8153,6414 7594,6414 7140,6868 7140,7428 7140,7989 7594,8442 8153,8442 Z "/>
         <path fill="rgb(195,0,0)" stroke="none" d="M 8153,8442 C 8712,8442 9166,7989 9166,7428 9166,6868 8712,6414 8153,6414 7594,6414 7140,6868 7140,7428 7140,7989 7594,8442 8153,8442 Z M 8153,8419 C 8699,8419 9143,7976 9143,7428 9143,6881 8699,6437 8153,6437 7607,6437 7163,6881 7163,7428 7163,7976 7607,8419 8153,8419 Z "/>
         <path fill="rgb(194,0,0)" stroke="none" d="M 8153,8419 C 8699,8419 9143,7976 9143,7428 9143,6881 8699,6437 8153,6437 7607,6437 7163,6881 7163,7428 7163,7976 7607,8419 8153,8419 Z M 8153,8396 C 8687,8396 9120,7963 9120,7428 9120,6894 8687,6460 8153,6460 7619,6460 7186,6894 7186,7428 7186,7963 7619,8396 8153,8396 Z "/>
         <path fill="rgb(193,0,0)" stroke="none" d="M 8153,8396 C 8687,8396 9120,7963 9120,7428 9120,6894 8687,6460 8153,6460 7619,6460 7186,6894 7186,7428 7186,7963 7619,8396 8153,8396 Z M 8153,8373 C 8674,8373 9097,7950 9097,7428 9097,6907 8674,6483 8153,6483 7632,6483 7209,6907 7209,7428 7209,7950 7632,8373 8153,8373 Z "/>
         <path fill="rgb(192,0,0)" stroke="none" d="M 8153,8373 C 8674,8373 9097,7950 9097,7428 9097,6907 8674,6483 8153,6483 7632,6483 7209,6907 7209,7428 7209,7950 7632,8373 8153,8373 Z M 8153,8350 C 8661,8350 9074,7938 9074,7428 9074,6919 8661,6506 8153,6506 7645,6506 7232,6919 7232,7428 7232,7938 7645,8350 8153,8350 Z "/>
         <path fill="rgb(191,0,0)" stroke="none" d="M 8153,8350 C 8661,8350 9074,7938 9074,7428 9074,6919 8661,6506 8153,6506 7645,6506 7232,6919 7232,7428 7232,7938 7645,8350 8153,8350 Z M 8153,8327 C 8648,8327 9051,7925 9051,7428 9051,6932 8648,6529 8153,6529 7658,6529 7255,6932 7255,7428 7255,7925 7658,8327 8153,8327 Z "/>
         <path fill="rgb(190,0,0)" stroke="none" d="M 8153,8327 C 8648,8327 9051,7925 9051,7428 9051,6932 8648,6529 8153,6529 7658,6529 7255,6932 7255,7428 7255,7925 7658,8327 8153,8327 Z M 8153,8304 C 8636,8304 9028,7912 9028,7428 9028,6945 8636,6552 8153,6552 7670,6552 7278,6945 7278,7428 7278,7912 7670,8304 8153,8304 Z "/>
         <path fill="rgb(189,0,0)" stroke="none" d="M 8153,8304 C 8636,8304 9028,7912 9028,7428 9028,6945 8636,6552 8153,6552 7670,6552 7278,6945 7278,7428 7278,7912 7670,8304 8153,8304 Z M 8153,8281 C 8623,8281 9005,7900 9005,7428 9005,6957 8623,6575 8153,6575 7683,6575 7301,6957 7301,7428 7301,7900 7683,8281 8153,8281 Z "/>
         <path fill="rgb(188,0,0)" stroke="none" d="M 8153,8281 C 8623,8281 9005,7900 9005,7428 9005,6957 8623,6575 8153,6575 7683,6575 7301,6957 7301,7428 7301,7900 7683,8281 8153,8281 Z M 8153,8258 C 8610,8258 8982,7887 8982,7428 8982,6970 8610,6598 8153,6598 7696,6598 7324,6970 7324,7428 7324,7887 7696,8258 8153,8258 Z "/>
         <path fill="rgb(187,0,0)" stroke="none" d="M 8153,8258 C 8610,8258 8982,7887 8982,7428 8982,6970 8610,6598 8153,6598 7696,6598 7324,6970 7324,7428 7324,7887 7696,8258 8153,8258 Z M 8153,8235 C 8598,8235 8959,7874 8959,7428 8959,6983 8598,6621 8153,6621 7708,6621 7347,6983 7347,7428 7347,7874 7708,8235 8153,8235 Z "/>
         <path fill="rgb(186,0,0)" stroke="none" d="M 8153,8235 C 8598,8235 8959,7874 8959,7428 8959,6983 8598,6621 8153,6621 7708,6621 7347,6983 7347,7428 7347,7874 7708,8235 8153,8235 Z M 8153,8212 C 8585,8212 8936,7861 8936,7428 8936,6996 8585,6644 8153,6644 7721,6644 7370,6996 7370,7428 7370,7861 7721,8212 8153,8212 Z "/>
         <path fill="rgb(185,0,0)" stroke="none" d="M 8153,8212 C 8585,8212 8936,7861 8936,7428 8936,6996 8585,6644 8153,6644 7721,6644 7370,6996 7370,7428 7370,7861 7721,8212 8153,8212 Z M 8153,8189 C 8572,8189 8913,7849 8913,7428 8913,7008 8572,6667 8153,6667 7734,6667 7393,7008 7393,7428 7393,7849 7734,8189 8153,8189 Z "/>
         <path fill="rgb(184,0,0)" stroke="none" d="M 8153,8189 C 8572,8189 8913,7849 8913,7428 8913,7008 8572,6667 8153,6667 7734,6667 7393,7008 7393,7428 7393,7849 7734,8189 8153,8189 Z M 8153,8166 C 8560,8166 8890,7836 8890,7428 8890,7021 8560,6690 8153,6690 7746,6690 7416,7021 7416,7428 7416,7836 7746,8166 8153,8166 Z "/>
         <path fill="rgb(183,0,0)" stroke="none" d="M 8153,8166 C 8560,8166 8890,7836 8890,7428 8890,7021 8560,6690 8153,6690 7746,6690 7416,7021 7416,7428 7416,7836 7746,8166 8153,8166 Z M 8153,8143 C 8547,8143 8867,7823 8867,7428 8867,7034 8547,6713 8153,6713 7759,6713 7439,7034 7439,7428 7439,7823 7759,8143 8153,8143 Z "/>
         <path fill="rgb(182,0,0)" stroke="none" d="M 8153,8143 C 8547,8143 8867,7823 8867,7428 8867,7034 8547,6713 8153,6713 7759,6713 7439,7034 7439,7428 7439,7823 7759,8143 8153,8143 Z M 8153,8120 C 8534,8120 8844,7811 8844,7428 8844,7046 8534,6736 8153,6736 7772,6736 7462,7046 7462,7428 7462,7811 7772,8120 8153,8120 Z "/>
         <path fill="rgb(181,0,0)" stroke="none" d="M 8153,8120 C 8534,8120 8844,7811 8844,7428 8844,7046 8534,6736 8153,6736 7772,6736 7462,7046 7462,7428 7462,7811 7772,8120 8153,8120 Z M 8153,8097 C 8521,8097 8821,7798 8821,7428 8821,7059 8521,6759 8153,6759 7785,6759 7485,7059 7485,7428 7485,7798 7785,8097 8153,8097 Z "/>
         <path fill="rgb(180,0,0)" stroke="none" d="M 8153,8097 C 8521,8097 8821,7798 8821,7428 8821,7059 8521,6759 8153,6759 7785,6759 7485,7059 7485,7428 7485,7798 7785,8097 8153,8097 Z M 8153,8073 C 8508,8073 8797,7785 8797,7428 8797,7072 8508,6783 8153,6783 7798,6783 7509,7072 7509,7428 7509,7785 7798,8073 8153,8073 Z "/>
         <path fill="rgb(179,0,0)" stroke="none" d="M 8153,8073 C 8508,8073 8797,7785 8797,7428 8797,7072 8508,6783 8153,6783 7798,6783 7509,7072 7509,7428 7509,7785 7798,8073 8153,8073 Z M 8153,8050 C 8495,8050 8774,7772 8774,7428 8774,7085 8495,6806 8153,6806 7811,6806 7532,7085 7532,7428 7532,7772 7811,8050 8153,8050 Z "/>
         <path fill="rgb(178,0,0)" stroke="none" d="M 8153,8050 C 8495,8050 8774,7772 8774,7428 8774,7085 8495,6806 8153,6806 7811,6806 7532,7085 7532,7428 7532,7772 7811,8050 8153,8050 Z M 8153,8027 C 8483,8027 8751,7759 8751,7428 8751,7098 8483,6829 8153,6829 7823,6829 7555,7098 7555,7428 7555,7759 7823,8027 8153,8027 Z "/>
         <path fill="rgb(177,0,0)" stroke="none" d="M 8153,8027 C 8483,8027 8751,7759 8751,7428 8751,7098 8483,6829 8153,6829 7823,6829 7555,7098 7555,7428 7555,7759 7823,8027 8153,8027 Z M 8153,8004 C 8470,8004 8728,7747 8728,7428 8728,7110 8470,6852 8153,6852 7836,6852 7578,7110 7578,7428 7578,7747 7836,8004 8153,8004 Z "/>
         <path fill="rgb(176,0,0)" stroke="none" d="M 8153,8004 C 8470,8004 8728,7747 8728,7428 8728,7110 8470,6852 8153,6852 7836,6852 7578,7110 7578,7428 7578,7747 7836,8004 8153,8004 Z M 8153,7981 C 8457,7981 8705,7734 8705,7428 8705,7123 8457,6875 8153,6875 7849,6875 7601,7123 7601,7428 7601,7734 7849,7981 8153,7981 Z "/>
         <path fill="rgb(175,0,0)" stroke="none" d="M 8153,7981 C 8457,7981 8705,7734 8705,7428 8705,7123 8457,6875 8153,6875 7849,6875 7601,7123 7601,7428 7601,7734 7849,7981 8153,7981 Z M 8153,7958 C 8445,7958 8682,7721 8682,7428 8682,7136 8445,6898 8153,6898 7861,6898 7624,7136 7624,7428 7624,7721 7861,7958 8153,7958 Z "/>
         <path fill="rgb(174,0,0)" stroke="none" d="M 8153,7958 C 8445,7958 8682,7721 8682,7428 8682,7136 8445,6898 8153,6898 7861,6898 7624,7136 7624,7428 7624,7721 7861,7958 8153,7958 Z M 8153,7935 C 8432,7935 8659,7709 8659,7428 8659,7148 8432,6921 8153,6921 7874,6921 7647,7148 7647,7428 7647,7709 7874,7935 8153,7935 Z "/>
         <path fill="rgb(173,0,0)" stroke="none" d="M 8153,7935 C 8432,7935 8659,7709 8659,7428 8659,7148 8432,6921 8153,6921 7874,6921 7647,7148 7647,7428 7647,7709 7874,7935 8153,7935 Z M 8153,7912 C 8419,7912 8636,7696 8636,7428 8636,7161 8419,6944 8153,6944 7887,6944 7670,7161 7670,7428 7670,7696 7887,7912 8153,7912 Z "/>
         <path fill="rgb(172,0,0)" stroke="none" d="M 8153,7912 C 8419,7912 8636,7696 8636,7428 8636,7161 8419,6944 8153,6944 7887,6944 7670,7161 7670,7428 7670,7696 7887,7912 8153,7912 Z M 8153,7889 C 8407,7889 8613,7683 8613,7428 8613,7174 8407,6967 8153,6967 7899,6967 7693,7174 7693,7428 7693,7683 7899,7889 8153,7889 Z "/>
         <path fill="rgb(171,0,0)" stroke="none" d="M 8153,7889 C 8407,7889 8613,7683 8613,7428 8613,7174 8407,6967 8153,6967 7899,6967 7693,7174 7693,7428 7693,7683 7899,7889 8153,7889 Z M 8153,7866 C 8394,7866 8590,7670 8590,7428 8590,7187 8394,6990 8153,6990 7912,6990 7716,7187 7716,7428 7716,7670 7912,7866 8153,7866 Z "/>
         <path fill="rgb(170,0,0)" stroke="none" d="M 8153,7866 C 8394,7866 8590,7670 8590,7428 8590,7187 8394,6990 8153,6990 7912,6990 7716,7187 7716,7428 7716,7670 7912,7866 8153,7866 Z M 8153,7843 C 8381,7843 8567,7658 8567,7428 8567,7199 8381,7013 8153,7013 7925,7013 7739,7199 7739,7428 7739,7658 7925,7843 8153,7843 Z "/>
         <path fill="rgb(169,0,0)" stroke="none" d="M 8153,7843 C 8381,7843 8567,7658 8567,7428 8567,7199 8381,7013 8153,7013 7925,7013 7739,7199 7739,7428 7739,7658 7925,7843 8153,7843 Z M 8153,7820 C 8368,7820 8544,7645 8544,7428 8544,7212 8368,7036 8153,7036 7938,7036 7762,7212 7762,7428 7762,7645 7938,7820 8153,7820 Z "/>
         <path fill="rgb(168,0,0)" stroke="none" d="M 8153,7820 C 8368,7820 8544,7645 8544,7428 8544,7212 8368,7036 8153,7036 7938,7036 7762,7212 7762,7428 7762,7645 7938,7820 8153,7820 Z M 8153,7797 C 8356,7797 8521,7632 8521,7428 8521,7225 8356,7059 8153,7059 7950,7059 7785,7225 7785,7428 7785,7632 7950,7797 8153,7797 Z "/>
         <path fill="rgb(167,0,0)" stroke="none" d="M 8153,7797 C 8356,7797 8521,7632 8521,7428 8521,7225 8356,7059 8153,7059 7950,7059 7785,7225 7785,7428 7785,7632 7950,7797 8153,7797 Z M 8153,7774 C 8343,7774 8498,7620 8498,7428 8498,7237 8343,7082 8153,7082 7963,7082 7808,7237 7808,7428 7808,7620 7963,7774 8153,7774 Z "/>
         <path fill="rgb(166,0,0)" stroke="none" d="M 8153,7774 C 8343,7774 8498,7620 8498,7428 8498,7237 8343,7082 8153,7082 7963,7082 7808,7237 7808,7428 7808,7620 7963,7774 8153,7774 Z M 8153,7751 C 8330,7751 8475,7607 8475,7428 8475,7250 8330,7105 8153,7105 7976,7105 7831,7250 7831,7428 7831,7607 7976,7751 8153,7751 Z "/>
         <path fill="rgb(165,0,0)" stroke="none" d="M 8153,7751 C 8330,7751 8475,7607 8475,7428 8475,7250 8330,7105 8153,7105 7976,7105 7831,7250 7831,7428 7831,7607 7976,7751 8153,7751 Z M 8153,7728 C 8318,7728 8452,7594 8452,7428 8452,7263 8318,7128 8153,7128 7988,7128 7854,7263 7854,7428 7854,7594 7988,7728 8153,7728 Z "/>
         <path fill="rgb(164,0,0)" stroke="none" d="M 8153,7728 C 8318,7728 8452,7594 8452,7428 8452,7263 8318,7128 8153,7128 7988,7128 7854,7263 7854,7428 7854,7594 7988,7728 8153,7728 Z M 8153,7705 C 8305,7705 8429,7581 8429,7428 8429,7276 8305,7151 8153,7151 8001,7151 7877,7276 7877,7428 7877,7581 8001,7705 8153,7705 Z "/>
         <path fill="rgb(163,0,0)" stroke="none" d="M 8153,7705 C 8305,7705 8429,7581 8429,7428 8429,7276 8305,7151 8153,7151 8001,7151 7877,7276 7877,7428 7877,7581 8001,7705 8153,7705 Z M 8153,7682 C 8292,7682 8406,7569 8406,7428 8406,7288 8292,7174 8153,7174 8014,7174 7900,7288 7900,7428 7900,7569 8014,7682 8153,7682 Z "/>
         <path fill="rgb(162,0,0)" stroke="none" d="M 8153,7682 C 8292,7682 8406,7569 8406,7428 8406,7288 8292,7174 8153,7174 8014,7174 7900,7288 7900,7428 7900,7569 8014,7682 8153,7682 Z M 8153,7659 C 8280,7659 8383,7556 8383,7428 8383,7301 8280,7197 8153,7197 8026,7197 7923,7301 7923,7428 7923,7556 8026,7659 8153,7659 Z "/>
         <path fill="rgb(161,0,0)" stroke="none" d="M 8153,7659 C 8280,7659 8383,7556 8383,7428 8383,7301 8280,7197 8153,7197 8026,7197 7923,7301 7923,7428 7923,7556 8026,7659 8153,7659 Z M 8153,7635 C 8266,7635 8359,7543 8359,7428 8359,7314 8266,7221 8153,7221 8040,7221 7947,7314 7947,7428 7947,7543 8040,7635 8153,7635 Z "/>
         <path fill="rgb(160,0,0)" stroke="none" d="M 8153,7635 C 8266,7635 8359,7543 8359,7428 8359,7314 8266,7221 8153,7221 8040,7221 7947,7314 7947,7428 7947,7543 8040,7635 8153,7635 Z M 8153,7612 C 8254,7612 8336,7530 8336,7428 8336,7327 8254,7244 8153,7244 8052,7244 7970,7327 7970,7428 7970,7530 8052,7612 8153,7612 Z "/>
         <path fill="rgb(159,0,0)" stroke="none" d="M 8153,7612 C 8254,7612 8336,7530 8336,7428 8336,7327 8254,7244 8153,7244 8052,7244 7970,7327 7970,7428 7970,7530 8052,7612 8153,7612 Z M 8153,7589 C 8241,7589 8313,7517 8313,7428 8313,7340 8241,7267 8153,7267 8065,7267 7993,7340 7993,7428 7993,7517 8065,7589 8153,7589 Z "/>
         <path fill="rgb(158,0,0)" stroke="none" d="M 8153,7589 C 8241,7589 8313,7517 8313,7428 8313,7340 8241,7267 8153,7267 8065,7267 7993,7340 7993,7428 7993,7517 8065,7589 8153,7589 Z M 8153,7566 C 8228,7566 8290,7505 8290,7428 8290,7352 8228,7290 8153,7290 8078,7290 8016,7352 8016,7428 8016,7505 8078,7566 8153,7566 Z "/>
         <path fill="rgb(157,0,0)" stroke="none" d="M 8153,7566 C 8228,7566 8290,7505 8290,7428 8290,7352 8228,7290 8153,7290 8078,7290 8016,7352 8016,7428 8016,7505 8078,7566 8153,7566 Z M 8153,7543 C 8215,7543 8267,7492 8267,7428 8267,7365 8215,7313 8153,7313 8091,7313 8039,7365 8039,7428 8039,7492 8091,7543 8153,7543 Z "/>
         <path fill="rgb(156,0,0)" stroke="none" d="M 8153,7543 C 8215,7543 8267,7492 8267,7428 8267,7365 8215,7313 8153,7313 8091,7313 8039,7365 8039,7428 8039,7492 8091,7543 8153,7543 Z M 8153,7520 C 8203,7520 8244,7479 8244,7428 8244,7378 8203,7336 8153,7336 8103,7336 8062,7378 8062,7428 8062,7479 8103,7520 8153,7520 Z "/>
         <path fill="rgb(155,0,0)" stroke="none" d="M 8153,7520 C 8203,7520 8244,7479 8244,7428 8244,7378 8203,7336 8153,7336 8103,7336 8062,7378 8062,7428 8062,7479 8103,7520 8153,7520 Z M 8153,7497 C 8190,7497 8221,7467 8221,7428 8221,7390 8190,7359 8153,7359 8116,7359 8085,7390 8085,7428 8085,7467 8116,7497 8153,7497 Z "/>
         <path fill="rgb(154,0,0)" stroke="none" d="M 8153,7497 C 8190,7497 8221,7467 8221,7428 8221,7390 8190,7359 8153,7359 8116,7359 8085,7390 8085,7428 8085,7467 8116,7497 8153,7497 Z M 8153,7474 C 8177,7474 8198,7454 8198,7428 8198,7403 8177,7382 8153,7382 8129,7382 8108,7403 8108,7428 8108,7454 8129,7474 8153,7474 Z "/>
         <path fill="rgb(153,0,0)" stroke="none" d="M 8153,7474 C 8177,7474 8198,7454 8198,7428 8198,7403 8177,7382 8153,7382 8129,7382 8108,7403 8108,7428 8108,7454 8129,7474 8153,7474 Z M 8153,7451 C 8165,7451 8175,7441 8175,7428 8175,7416 8165,7405 8153,7405 8141,7405 8131,7416 8131,7428 8131,7441 8141,7451 8153,7451 Z "/>
         <path fill="rgb(151,0,0)" stroke="none" d="M 8153,7451 C 8165,7451 8175,7441 8175,7428 8175,7416 8165,7405 8153,7405 8141,7405 8131,7416 8131,7428 8131,7441 8141,7451 8153,7451 Z "/>
        </g>
       </g>
      </pattern>
     </defs>
     <path style="fill:url(#pattern1)" d="M 6437,7470 L 6443,7465 6452,7461 6463,7457 6476,7453 6507,7447 6546,7442 6640,7435 6753,7433 7243,7437 7799,7428 7932,7433 7991,7439 8042,7447 8085,7458 8103,7464 8119,7471 8131,7480 8141,7489 8144,7494 8147,7499 8149,7504 8150,7510 8151,7516 8150,7523 8145,7538 8137,7556 8125,7576 8091,7624 8045,7679 7924,7809 7772,7960 7091,8615 5821,9871 4056,9914 6437,7470 Z "/>
    </g>
   </g>
  </g>
  <g class="com.sun.star.drawing.CustomShape">
   <g id="id4">
    <rect class="BoundingBox" stroke="none" fill="none" x="4020" y="9840" width="3125" height="1052"/>
    <g>
     <defs>
      <linearGradient id="gradient1" x1="7144" y1="10365" x2="4020" y2="10365" gradientUnits="userSpaceOnUse">
       <stop offset="0" style="stop-color:rgb(0,104,142)"/>
       <stop offset="0.5" style="stop-color:rgb(0,148,202)"/>
       <stop offset="1" style="stop-color:rgb(0,175,239)"/>
      </linearGradient>
     </defs>
     <path style="fill:url(#gradient1)" d="M 4020,10014 L 4083,10189 4152,10360 4221,10515 4280,10642 4325,10743 4337,10766 4349,10787 4363,10806 4380,10824 4399,10840 4421,10854 4447,10866 4478,10876 4513,10883 4554,10888 4600,10890 4653,10890 7144,10887 7144,10887 7144,9840 7144,9840 4199,9840 4181,9841 4163,9844 4146,9848 4129,9854 4114,9861 4099,9870 4085,9880 4072,9891 4061,9903 4051,9917 4042,9931 4034,9946 4028,9962 4024,9979 4021,9996 4020,10014 Z "/>
    </g>
   </g>
  </g>
  <g class="Group">
   <g class="com.sun.star.drawing.CustomShape">
    <g id="id5">
     <rect class="BoundingBox" stroke="none" fill="none" x="7081" y="9838" width="1110" height="1788"/>
     <g>
      <defs>
       <pattern id="pattern2" x="7081" y="9838" width="1110" height="1788" patternUnits="userSpaceOnUse">
        <g transform="translate(-7081,-9838)">
         <defs>
          <clipPath id="clip_path_2" clipPathUnits="userSpaceOnUse">
           <path d="M 7091,9843 L 8202,9843 8202,11615 7091,11615 7091,9843 Z "/>
          </clipPath>
         </defs>
         <g clip-path="url(#clip_path_2)">
          <path fill="rgb(0,161,72)" stroke="none" d="M 7080,9837 L 8191,9837 8191,11626 7080,11626 7080,9837 Z M 7636,11760 C 8203,11760 8664,11299 8664,10732 8664,10165 8203,9704 7636,9704 7068,9704 6608,10165 6608,10732 6608,11299 7068,11760 7636,11760 Z "/>
          <path fill="rgb(0,160,72)" stroke="none" d="M 7636,11760 C 8203,11760 8664,11299 8664,10732 8664,10165 8203,9704 7636,9704 7068,9704 6608,10165 6608,10732 6608,11299 7068,11760 7636,11760 Z M 7636,11736 C 8190,11736 8640,11287 8640,10732 8640,10178 8190,9728 7636,9728 7081,9728 6632,10178 6632,10732 6632,11287 7081,11736 7636,11736 Z "/>
          <path fill="rgb(0,159,71)" stroke="none" d="M 7636,11736 C 8190,11736 8640,11287 8640,10732 8640,10178 8190,9728 7636,9728 7081,9728 6632,10178 6632,10732 6632,11287 7081,11736 7636,11736 Z M 7636,11711 C 8176,11711 8615,11273 8615,10732 8615,10192 8176,9753 7636,9753 7095,9753 6657,10192 6657,10732 6657,11273 7095,11711 7636,11711 Z "/>
          <path fill="rgb(0,158,71)" stroke="none" d="M 7636,11711 C 8176,11711 8615,11273 8615,10732 8615,10192 8176,9753 7636,9753 7095,9753 6657,10192 6657,10732 6657,11273 7095,11711 7636,11711 Z M 7636,11687 C 8163,11687 8591,11260 8591,10732 8591,10205 8163,9777 7636,9777 7108,9777 6681,10205 6681,10732 6681,11260 7108,11687 7636,11687 Z "/>
          <path fill="rgb(0,157,70)" stroke="none" d="M 7636,11687 C 8163,11687 8591,11260 8591,10732 8591,10205 8163,9777 7636,9777 7108,9777 6681,10205 6681,10732 6681,11260 7108,11687 7636,11687 Z M 7636,11662 C 8149,11662 8566,11246 8566,10732 8566,10219 8149,9802 7636,9802 7122,9802 6706,10219 6706,10732 6706,11246 7122,11662 7636,11662 Z "/>
          <path fill="rgb(0,156,69)" stroke="none" d="M 7636,11662 C 8149,11662 8566,11246 8566,10732 8566,10219 8149,9802 7636,9802 7122,9802 6706,10219 6706,10732 6706,11246 7122,11662 7636,11662 Z M 7636,11638 C 8136,11638 8542,11233 8542,10732 8542,10232 8136,9826 7636,9826 7135,9826 6730,10232 6730,10732 6730,11233 7135,11638 7636,11638 Z "/>
          <path fill="rgb(0,155,69)" stroke="none" d="M 7636,11638 C 8136,11638 8542,11233 8542,10732 8542,10232 8136,9826 7636,9826 7135,9826 6730,10232 6730,10732 6730,11233 7135,11638 7636,11638 Z M 7635,11613 C 8122,11613 8517,11219 8517,10732 8517,10246 8122,9851 7635,9851 7147,9851 6753,10246 6753,10732 6753,11219 7147,11613 7635,11613 Z "/>
          <path fill="rgb(0,154,68)" stroke="none" d="M 7635,11613 C 8122,11613 8517,11219 8517,10732 8517,10246 8122,9851 7635,9851 7147,9851 6753,10246 6753,10732 6753,11219 7147,11613 7635,11613 Z M 7636,11589 C 8109,11589 8493,11206 8493,10732 8493,10259 8109,9875 7636,9875 7162,9875 6779,10259 6779,10732 6779,11206 7162,11589 7636,11589 Z "/>
          <path fill="rgb(0,153,67)" stroke="none" d="M 7636,11589 C 8109,11589 8493,11206 8493,10732 8493,10259 8109,9875 7636,9875 7162,9875 6779,10259 6779,10732 6779,11206 7162,11589 7636,11589 Z M 7635,11564 C 8095,11564 8468,11192 8468,10732 8468,10273 8095,9900 7635,9900 7174,9900 6802,10273 6802,10732 6802,11192 7174,11564 7635,11564 Z "/>
          <path fill="rgb(0,152,67)" stroke="none" d="M 7635,11564 C 8095,11564 8468,11192 8468,10732 8468,10273 8095,9900 7635,9900 7174,9900 6802,10273 6802,10732 6802,11192 7174,11564 7635,11564 Z M 7636,11540 C 8082,11540 8444,11179 8444,10732 8444,10286 8082,9924 7636,9924 7189,9924 6828,10286 6828,10732 6828,11179 7189,11540 7636,11540 Z "/>
          <path fill="rgb(0,151,66)" stroke="none" d="M 7636,11540 C 8082,11540 8444,11179 8444,10732 8444,10286 8082,9924 7636,9924 7189,9924 6828,10286 6828,10732 6828,11179 7189,11540 7636,11540 Z M 7635,11515 C 8067,11515 8419,11165 8419,10732 8419,10300 8067,9949 7635,9949 7202,9949 6851,10300 6851,10732 6851,11165 7202,11515 7635,11515 Z "/>
          <path fill="rgb(0,150,66)" stroke="none" d="M 7635,11515 C 8067,11515 8419,11165 8419,10732 8419,10300 8067,9949 7635,9949 7202,9949 6851,10300 6851,10732 6851,11165 7202,11515 7635,11515 Z M 7636,11491 C 8055,11491 8395,11152 8395,10732 8395,10313 8055,9973 7636,9973 7216,9973 6877,10313 6877,10732 6877,11152 7216,11491 7636,11491 Z "/>
          <path fill="rgb(0,149,65)" stroke="none" d="M 7636,11491 C 8055,11491 8395,11152 8395,10732 8395,10313 8055,9973 7636,9973 7216,9973 6877,10313 6877,10732 6877,11152 7216,11491 7636,11491 Z M 7635,11466 C 8040,11466 8370,11138 8370,10732 8370,10327 8040,9998 7635,9998 7229,9998 6900,10327 6900,10732 6900,11138 7229,11466 7635,11466 Z "/>
          <path fill="rgb(0,148,64)" stroke="none" d="M 7635,11466 C 8040,11466 8370,11138 8370,10732 8370,10327 8040,9998 7635,9998 7229,9998 6900,10327 6900,10732 6900,11138 7229,11466 7635,11466 Z M 7636,11442 C 8028,11442 8346,11125 8346,10732 8346,10340 8028,10022 7636,10022 7243,10022 6926,10340 6926,10732 6926,11125 7243,11442 7636,11442 Z "/>
          <path fill="rgb(0,147,64)" stroke="none" d="M 7636,11442 C 8028,11442 8346,11125 8346,10732 8346,10340 8028,10022 7636,10022 7243,10022 6926,10340 6926,10732 6926,11125 7243,11442 7636,11442 Z M 7635,11417 C 8013,11417 8321,11111 8321,10732 8321,10354 8013,10047 7635,10047 7256,10047 6949,10354 6949,10732 6949,11111 7256,11417 7635,11417 Z "/>
          <path fill="rgb(0,146,63)" stroke="none" d="M 7635,11417 C 8013,11417 8321,11111 8321,10732 8321,10354 8013,10047 7635,10047 7256,10047 6949,10354 6949,10732 6949,11111 7256,11417 7635,11417 Z M 7636,11393 C 8001,11393 8297,11098 8297,10732 8297,10367 8001,10071 7636,10071 7270,10071 6975,10367 6975,10732 6975,11098 7270,11393 7636,11393 Z "/>
          <path fill="rgb(0,145,62)" stroke="none" d="M 7636,11393 C 8001,11393 8297,11098 8297,10732 8297,10367 8001,10071 7636,10071 7270,10071 6975,10367 6975,10732 6975,11098 7270,11393 7636,11393 Z M 7635,11368 C 7986,11368 8272,11084 8272,10732 8272,10381 7986,10096 7635,10096 7283,10096 6998,10381 6998,10732 6998,11084 7283,11368 7635,11368 Z "/>
          <path fill="rgb(0,144,62)" stroke="none" d="M 7635,11368 C 7986,11368 8272,11084 8272,10732 8272,10381 7986,10096 7635,10096 7283,10096 6998,10381 6998,10732 6998,11084 7283,11368 7635,11368 Z M 7636,11344 C 7973,11344 8248,11070 8248,10732 8248,10395 7973,10120 7636,10120 7298,10120 7024,10395 7024,10732 7024,11070 7298,11344 7636,11344 Z "/>
          <path fill="rgb(0,143,61)" stroke="none" d="M 7636,11344 C 7973,11344 8248,11070 8248,10732 8248,10395 7973,10120 7636,10120 7298,10120 7024,10395 7024,10732 7024,11070 7298,11344 7636,11344 Z M 7635,11319 C 7959,11319 8223,11057 8223,10732 8223,10408 7959,10145 7635,10145 7310,10145 7047,10408 7047,10732 7047,11057 7310,11319 7635,11319 Z "/>
          <path fill="rgb(0,142,61)" stroke="none" d="M 7635,11319 C 7959,11319 8223,11057 8223,10732 8223,10408 7959,10145 7635,10145 7310,10145 7047,10408 7047,10732 7047,11057 7310,11319 7635,11319 Z M 7636,11295 C 7946,11295 8199,11043 8199,10732 8199,10422 7946,10169 7636,10169 7325,10169 7073,10422 7073,10732 7073,11043 7325,11295 7636,11295 Z "/>
          <path fill="rgb(0,141,60)" stroke="none" d="M 7636,11295 C 7946,11295 8199,11043 8199,10732 8199,10422 7946,10169 7636,10169 7325,10169 7073,10422 7073,10732 7073,11043 7325,11295 7636,11295 Z M 7635,11272 C 7932,11272 8174,11031 8174,10733 8174,10436 7932,10194 7635,10194 7337,10194 7096,10436 7096,10733 7096,11031 7337,11272 7635,11272 Z "/>
          <path fill="rgb(0,140,59)" stroke="none" d="M 7635,11272 C 7932,11272 8174,11031 8174,10733 8174,10436 7932,10194 7635,10194 7337,10194 7096,10436 7096,10733 7096,11031 7337,11272 7635,11272 Z M 7636,11246 C 7919,11246 8150,11016 8150,10732 8150,10449 7919,10218 7636,10218 7352,10218 7122,10449 7122,10732 7122,11016 7352,11246 7636,11246 Z "/>
          <path fill="rgb(0,139,59)" stroke="none" d="M 7636,11246 C 7919,11246 8150,11016 8150,10732 8150,10449 7919,10218 7636,10218 7352,10218 7122,10449 7122,10732 7122,11016 7352,11246 7636,11246 Z M 7635,11223 C 7905,11223 8125,11004 8125,10733 8125,10463 7905,10243 7635,10243 7364,10243 7145,10463 7145,10733 7145,11004 7364,11223 7635,11223 Z "/>
          <path fill="rgb(0,138,58)" stroke="none" d="M 7635,11223 C 7905,11223 8125,11004 8125,10733 8125,10463 7905,10243 7635,10243 7364,10243 7145,10463 7145,10733 7145,11004 7364,11223 7635,11223 Z M 7636,11197 C 7892,11197 8101,10989 8101,10732 8101,10476 7892,10267 7636,10267 7379,10267 7171,10476 7171,10732 7171,10989 7379,11197 7636,11197 Z "/>
          <path fill="rgb(0,137,57)" stroke="none" d="M 7636,11197 C 7892,11197 8101,10989 8101,10732 8101,10476 7892,10267 7636,10267 7379,10267 7171,10476 7171,10732 7171,10989 7379,11197 7636,11197 Z M 7635,11174 C 7878,11174 8076,10977 8076,10733 8076,10490 7878,10292 7635,10292 7391,10292 7194,10490 7194,10733 7194,10977 7391,11174 7635,11174 Z "/>
          <path fill="rgb(0,136,57)" stroke="none" d="M 7635,11174 C 7878,11174 8076,10977 8076,10733 8076,10490 7878,10292 7635,10292 7391,10292 7194,10490 7194,10733 7194,10977 7391,11174 7635,11174 Z M 7636,11148 C 7865,11148 8052,10962 8052,10732 8052,10503 7865,10316 7636,10316 7406,10316 7220,10503 7220,10732 7220,10962 7406,11148 7636,11148 Z "/>
          <path fill="rgb(0,135,56)" stroke="none" d="M 7636,11148 C 7865,11148 8052,10962 8052,10732 8052,10503 7865,10316 7636,10316 7406,10316 7220,10503 7220,10732 7220,10962 7406,11148 7636,11148 Z M 7635,11125 C 7851,11125 8027,10950 8027,10733 8027,10517 7851,10341 7635,10341 7418,10341 7243,10517 7243,10733 7243,10950 7418,11125 7635,11125 Z "/>
          <path fill="rgb(0,134,56)" stroke="none" d="M 7635,11125 C 7851,11125 8027,10950 8027,10733 8027,10517 7851,10341 7635,10341 7418,10341 7243,10517 7243,10733 7243,10950 7418,11125 7635,11125 Z M 7636,11099 C 7838,11099 8003,10935 8003,10732 8003,10530 7838,10365 7636,10365 7433,10365 7269,10530 7269,10732 7269,10935 7433,11099 7636,11099 Z "/>
          <path fill="rgb(0,133,55)" stroke="none" d="M 7636,11099 C 7838,11099 8003,10935 8003,10732 8003,10530 7838,10365 7636,10365 7433,10365 7269,10530 7269,10732 7269,10935 7433,11099 7636,11099 Z M 7635,11076 C 7824,11076 7978,10923 7978,10733 7978,10544 7824,10390 7635,10390 7445,10390 7292,10544 7292,10733 7292,10923 7445,11076 7635,11076 Z "/>
          <path fill="rgb(0,132,54)" stroke="none" d="M 7635,11076 C 7824,11076 7978,10923 7978,10733 7978,10544 7824,10390 7635,10390 7445,10390 7292,10544 7292,10733 7292,10923 7445,11076 7635,11076 Z M 7636,11050 C 7811,11050 7954,10908 7954,10732 7954,10557 7811,10414 7636,10414 7460,10414 7318,10557 7318,10732 7318,10908 7460,11050 7636,11050 Z "/>
          <path fill="rgb(0,131,54)" stroke="none" d="M 7636,11050 C 7811,11050 7954,10908 7954,10732 7954,10557 7811,10414 7636,10414 7460,10414 7318,10557 7318,10732 7318,10908 7460,11050 7636,11050 Z M 7635,11027 C 7797,11027 7929,10896 7929,10733 7929,10571 7797,10439 7635,10439 7472,10439 7341,10571 7341,10733 7341,10896 7472,11027 7635,11027 Z "/>
          <path fill="rgb(0,130,53)" stroke="none" d="M 7635,11027 C 7797,11027 7929,10896 7929,10733 7929,10571 7797,10439 7635,10439 7472,10439 7341,10571 7341,10733 7341,10896 7472,11027 7635,11027 Z M 7636,11001 C 7784,11001 7905,10881 7905,10732 7905,10584 7784,10463 7636,10463 7487,10463 7367,10584 7367,10732 7367,10881 7487,11001 7636,11001 Z "/>
          <path fill="rgb(0,129,52)" stroke="none" d="M 7636,11001 C 7784,11001 7905,10881 7905,10732 7905,10584 7784,10463 7636,10463 7487,10463 7367,10584 7367,10732 7367,10881 7487,11001 7636,11001 Z M 7635,10978 C 7770,10978 7880,10869 7880,10733 7880,10598 7770,10488 7635,10488 7499,10488 7390,10598 7390,10733 7390,10869 7499,10978 7635,10978 Z "/>
          <path fill="rgb(0,128,52)" stroke="none" d="M 7635,10978 C 7770,10978 7880,10869 7880,10733 7880,10598 7770,10488 7635,10488 7499,10488 7390,10598 7390,10733 7390,10869 7499,10978 7635,10978 Z M 7636,10952 C 7757,10952 7856,10854 7856,10732 7856,10611 7757,10512 7636,10512 7514,10512 7416,10611 7416,10732 7416,10854 7514,10952 7636,10952 Z "/>
          <path fill="rgb(0,127,51)" stroke="none" d="M 7636,10952 C 7757,10952 7856,10854 7856,10732 7856,10611 7757,10512 7636,10512 7514,10512 7416,10611 7416,10732 7416,10854 7514,10952 7636,10952 Z M 7635,10929 C 7743,10929 7831,10842 7831,10733 7831,10625 7743,10537 7635,10537 7526,10537 7439,10625 7439,10733 7439,10842 7526,10929 7635,10929 Z "/>
          <path fill="rgb(0,126,51)" stroke="none" d="M 7635,10929 C 7743,10929 7831,10842 7831,10733 7831,10625 7743,10537 7635,10537 7526,10537 7439,10625 7439,10733 7439,10842 7526,10929 7635,10929 Z M 7636,10903 C 7730,10903 7807,10827 7807,10732 7807,10638 7730,10561 7636,10561 7541,10561 7465,10638 7465,10732 7465,10827 7541,10903 7636,10903 Z "/>
          <path fill="rgb(0,125,50)" stroke="none" d="M 7636,10903 C 7730,10903 7807,10827 7807,10732 7807,10638 7730,10561 7636,10561 7541,10561 7465,10638 7465,10732 7465,10827 7541,10903 7636,10903 Z M 7635,10880 C 7716,10880 7782,10815 7782,10733 7782,10652 7716,10586 7635,10586 7553,10586 7488,10652 7488,10733 7488,10815 7553,10880 7635,10880 Z "/>
          <path fill="rgb(0,124,49)" stroke="none" d="M 7635,10880 C 7716,10880 7782,10815 7782,10733 7782,10652 7716,10586 7635,10586 7553,10586 7488,10652 7488,10733 7488,10815 7553,10880 7635,10880 Z M 7636,10854 C 7703,10854 7758,10800 7758,10732 7758,10665 7703,10610 7636,10610 7568,10610 7514,10665 7514,10732 7514,10800 7568,10854 7636,10854 Z "/>
          <path fill="rgb(0,123,49)" stroke="none" d="M 7636,10854 C 7703,10854 7758,10800 7758,10732 7758,10665 7703,10610 7636,10610 7568,10610 7514,10665 7514,10732 7514,10800 7568,10854 7636,10854 Z M 7635,10831 C 7689,10831 7733,10788 7733,10733 7733,10679 7689,10635 7635,10635 7580,10635 7537,10679 7537,10733 7537,10788 7580,10831 7635,10831 Z "/>
          <path fill="rgb(0,122,48)" stroke="none" d="M 7635,10831 C 7689,10831 7733,10788 7733,10733 7733,10679 7689,10635 7635,10635 7580,10635 7537,10679 7537,10733 7537,10788 7580,10831 7635,10831 Z M 7636,10805 C 7676,10805 7709,10773 7709,10732 7709,10692 7676,10659 7636,10659 7595,10659 7563,10692 7563,10732 7563,10773 7595,10805 7636,10805 Z "/>
          <path fill="rgb(0,121,47)" stroke="none" d="M 7636,10805 C 7676,10805 7709,10773 7709,10732 7709,10692 7676,10659 7636,10659 7595,10659 7563,10692 7563,10732 7563,10773 7595,10805 7636,10805 Z M 7635,10782 C 7662,10782 7684,10761 7684,10733 7684,10706 7662,10684 7635,10684 7607,10684 7586,10706 7586,10733 7586,10761 7607,10782 7635,10782 Z "/>
          <path fill="rgb(0,120,47)" stroke="none" d="M 7635,10782 C 7662,10782 7684,10761 7684,10733 7684,10706 7662,10684 7635,10684 7607,10684 7586,10706 7586,10733 7586,10761 7607,10782 7635,10782 Z M 7636,10756 C 7649,10756 7660,10746 7660,10732 7660,10719 7649,10708 7636,10708 7622,10708 7612,10719 7612,10732 7612,10746 7622,10756 7636,10756 Z "/>
          <path fill="rgb(0,118,45)" stroke="none" d="M 7636,10756 C 7649,10756 7660,10746 7660,10732 7660,10719 7649,10708 7636,10708 7622,10708 7612,10719 7612,10732 7612,10746 7622,10756 7636,10756 Z "/>
         </g>
        </g>
       </pattern>
      </defs>
      <path style="fill:url(#pattern2)" d="M 7265,11624 L 8005,11624 8005,11624 8017,11624 8029,11622 8041,11620 8053,11618 8064,11614 8076,11610 8087,11605 8097,11599 8108,11593 8118,11586 8127,11578 8136,11570 8144,11561 8152,11552 8159,11542 8165,11532 8171,11521 8176,11510 8180,11499 8184,11487 8186,11475 8188,11463 8189,11451 8190,11439 8190,11439 8190,9838 8190,9838 7081,9838 7081,9838 7081,11440 7081,11440 7081,11452 7083,11464 7085,11476 7087,11488 7091,11499 7095,11511 7100,11522 7106,11532 7112,11543 7119,11553 7127,11562 7135,11571 7144,11579 7153,11587 7163,11594 7173,11600 7184,11606 7195,11611 7206,11615 7218,11619 7230,11621 7242,11623 7254,11624 7266,11625 7265,11624 Z "/>
     </g>
    </g>
   </g>
   <g class="com.sun.star.drawing.CustomShape">
    <g id="id6">
     <rect class="BoundingBox" stroke="none" fill="none" x="7079" y="9840" width="1693" height="1048"/>
     <g>
      <defs>
       <pattern id="pattern3" x="7079" y="9840" width="1693" height="1048" patternUnits="userSpaceOnUse">
        <g transform="translate(-7079,-9840)">
         <defs>
          <clipPath id="clip_path_3" clipPathUnits="userSpaceOnUse">
           <path d="M 7091,9843 L 8784,9843 8784,10874 7091,10874 7091,9843 Z "/>
          </clipPath>
         </defs>
         <g clip-path="url(#clip_path_3)">
          <path fill="rgb(0,161,72)" stroke="none" d="M 7078,9839 L 8772,9839 8772,10888 7078,10888 7078,9839 Z M 7924,11338 C 8461,11338 8897,10903 8897,10365 8897,9828 8461,9392 7924,9392 7387,9392 6951,9828 6951,10365 6951,10903 7387,11338 7924,11338 Z "/>
          <path fill="rgb(0,160,72)" stroke="none" d="M 7924,11338 C 8461,11338 8897,10903 8897,10365 8897,9828 8461,9392 7924,9392 7387,9392 6951,9828 6951,10365 6951,10903 7387,11338 7924,11338 Z M 7924,11315 C 8448,11315 8874,10890 8874,10365 8874,9841 8448,9415 7924,9415 7400,9415 6974,9841 6974,10365 6974,10890 7400,11315 7924,11315 Z "/>
          <path fill="rgb(0,159,71)" stroke="none" d="M 7924,11315 C 8448,11315 8874,10890 8874,10365 8874,9841 8448,9415 7924,9415 7400,9415 6974,9841 6974,10365 6974,10890 7400,11315 7924,11315 Z M 7924,11292 C 8435,11292 8851,10877 8851,10365 8851,9854 8435,9438 7924,9438 7412,9438 6997,9854 6997,10365 6997,10877 7412,11292 7924,11292 Z "/>
          <path fill="rgb(0,158,71)" stroke="none" d="M 7924,11292 C 8435,11292 8851,10877 8851,10365 8851,9854 8435,9438 7924,9438 7412,9438 6997,9854 6997,10365 6997,10877 7412,11292 7924,11292 Z M 7924,11269 C 8423,11269 8828,10865 8828,10365 8828,9866 8423,9461 7924,9461 7424,9461 7020,9866 7020,10365 7020,10865 7424,11269 7924,11269 Z "/>
          <path fill="rgb(0,157,70)" stroke="none" d="M 7924,11269 C 8423,11269 8828,10865 8828,10365 8828,9866 8423,9461 7924,9461 7424,9461 7020,9866 7020,10365 7020,10865 7424,11269 7924,11269 Z M 7924,11246 C 8410,11246 8805,10852 8805,10365 8805,9879 8410,9484 7924,9484 7437,9484 7043,9879 7043,10365 7043,10852 7437,11246 7924,11246 Z "/>
          <path fill="rgb(0,156,69)" stroke="none" d="M 7924,11246 C 8410,11246 8805,10852 8805,10365 8805,9879 8410,9484 7924,9484 7437,9484 7043,9879 7043,10365 7043,10852 7437,11246 7924,11246 Z M 7924,11222 C 8397,11222 8781,10839 8781,10365 8781,9892 8397,9508 7924,9508 7450,9508 7067,9892 7067,10365 7067,10839 7450,11222 7924,11222 Z "/>
          <path fill="rgb(0,155,69)" stroke="none" d="M 7924,11222 C 8397,11222 8781,10839 8781,10365 8781,9892 8397,9508 7924,9508 7450,9508 7067,9892 7067,10365 7067,10839 7450,11222 7924,11222 Z M 7924,11199 C 8384,11199 8758,10826 8758,10365 8758,9905 8384,9531 7924,9531 7463,9531 7090,9905 7090,10365 7090,10826 7463,11199 7924,11199 Z "/>
          <path fill="rgb(0,154,68)" stroke="none" d="M 7924,11199 C 8384,11199 8758,10826 8758,10365 8758,9905 8384,9531 7924,9531 7463,9531 7090,9905 7090,10365 7090,10826 7463,11199 7924,11199 Z M 7924,11176 C 8371,11176 8735,10813 8735,10365 8735,9918 8371,9554 7924,9554 7476,9554 7113,9918 7113,10365 7113,10813 7476,11176 7924,11176 Z "/>
          <path fill="rgb(0,153,67)" stroke="none" d="M 7924,11176 C 8371,11176 8735,10813 8735,10365 8735,9918 8371,9554 7924,9554 7476,9554 7113,9918 7113,10365 7113,10813 7476,11176 7924,11176 Z M 7924,11153 C 8359,11153 8712,10801 8712,10365 8712,9930 8359,9577 7924,9577 7488,9577 7136,9930 7136,10365 7136,10801 7488,11153 7924,11153 Z "/>
          <path fill="rgb(0,152,67)" stroke="none" d="M 7924,11153 C 8359,11153 8712,10801 8712,10365 8712,9930 8359,9577 7924,9577 7488,9577 7136,9930 7136,10365 7136,10801 7488,11153 7924,11153 Z M 7924,11130 C 8346,11130 8689,10788 8689,10365 8689,9943 8346,9600 7924,9600 7501,9600 7159,9943 7159,10365 7159,10788 7501,11130 7924,11130 Z "/>
          <path fill="rgb(0,151,66)" stroke="none" d="M 7924,11130 C 8346,11130 8689,10788 8689,10365 8689,9943 8346,9600 7924,9600 7501,9600 7159,9943 7159,10365 7159,10788 7501,11130 7924,11130 Z M 7924,11106 C 8333,11106 8665,10775 8665,10365 8665,9956 8333,9624 7924,9624 7514,9624 7183,9956 7183,10365 7183,10775 7514,11106 7924,11106 Z "/>
          <path fill="rgb(0,150,66)" stroke="none" d="M 7924,11106 C 8333,11106 8665,10775 8665,10365 8665,9956 8333,9624 7924,9624 7514,9624 7183,9956 7183,10365 7183,10775 7514,11106 7924,11106 Z M 7924,11083 C 8320,11083 8642,10762 8642,10365 8642,9969 8320,9647 7924,9647 7527,9647 7206,9969 7206,10365 7206,10762 7527,11083 7924,11083 Z "/>
          <path fill="rgb(0,149,65)" stroke="none" d="M 7924,11083 C 8320,11083 8642,10762 8642,10365 8642,9969 8320,9647 7924,9647 7527,9647 7206,9969 7206,10365 7206,10762 7527,11083 7924,11083 Z M 7924,11060 C 8307,11060 8619,10749 8619,10365 8619,9982 8307,9670 7924,9670 7540,9670 7229,9982 7229,10365 7229,10749 7540,11060 7924,11060 Z "/>
          <path fill="rgb(0,148,64)" stroke="none" d="M 7924,11060 C 8307,11060 8619,10749 8619,10365 8619,9982 8307,9670 7924,9670 7540,9670 7229,9982 7229,10365 7229,10749 7540,11060 7924,11060 Z M 7924,11037 C 8295,11037 8596,10737 8596,10365 8596,9994 8295,9693 7924,9693 7552,9693 7252,9994 7252,10365 7252,10737 7552,11037 7924,11037 Z "/>
          <path fill="rgb(0,147,64)" stroke="none" d="M 7924,11037 C 8295,11037 8596,10737 8596,10365 8596,9994 8295,9693 7924,9693 7552,9693 7252,9994 7252,10365 7252,10737 7552,11037 7924,11037 Z M 7924,11014 C 8282,11014 8573,10724 8573,10365 8573,10007 8282,9716 7924,9716 7565,9716 7275,10007 7275,10365 7275,10724 7565,11014 7924,11014 Z "/>
          <path fill="rgb(0,146,63)" stroke="none" d="M 7924,11014 C 8282,11014 8573,10724 8573,10365 8573,10007 8282,9716 7924,9716 7565,9716 7275,10007 7275,10365 7275,10724 7565,11014 7924,11014 Z M 7924,10991 C 8269,10991 8550,10711 8550,10365 8550,10020 8269,9739 7924,9739 7578,9739 7298,10020 7298,10365 7298,10711 7578,10991 7924,10991 Z "/>
          <path fill="rgb(0,145,62)" stroke="none" d="M 7924,10991 C 8269,10991 8550,10711 8550,10365 8550,10020 8269,9739 7924,9739 7578,9739 7298,10020 7298,10365 7298,10711 7578,10991 7924,10991 Z M 7924,10967 C 8256,10967 8526,10698 8526,10365 8526,10033 8256,9763 7924,9763 7591,9763 7322,10033 7322,10365 7322,10698 7591,10967 7924,10967 Z "/>
          <path fill="rgb(0,144,62)" stroke="none" d="M 7924,10967 C 8256,10967 8526,10698 8526,10365 8526,10033 8256,9763 7924,9763 7591,9763 7322,10033 7322,10365 7322,10698 7591,10967 7924,10967 Z M 7924,10944 C 8243,10944 8503,10685 8503,10365 8503,10046 8243,9786 7924,9786 7604,9786 7345,10046 7345,10365 7345,10685 7604,10944 7924,10944 Z "/>
          <path fill="rgb(0,143,61)" stroke="none" d="M 7924,10944 C 8243,10944 8503,10685 8503,10365 8503,10046 8243,9786 7924,9786 7604,9786 7345,10046 7345,10365 7345,10685 7604,10944 7924,10944 Z M 7924,10921 C 8231,10921 8480,10673 8480,10365 8480,10058 8231,9809 7924,9809 7616,9809 7368,10058 7368,10365 7368,10673 7616,10921 7924,10921 Z "/>
          <path fill="rgb(0,142,61)" stroke="none" d="M 7924,10921 C 8231,10921 8480,10673 8480,10365 8480,10058 8231,9809 7924,9809 7616,9809 7368,10058 7368,10365 7368,10673 7616,10921 7924,10921 Z M 7924,10898 C 8218,10898 8457,10660 8457,10365 8457,10071 8218,9832 7924,9832 7629,9832 7391,10071 7391,10365 7391,10660 7629,10898 7924,10898 Z "/>
          <path fill="rgb(0,141,60)" stroke="none" d="M 7924,10898 C 8218,10898 8457,10660 8457,10365 8457,10071 8218,9832 7924,9832 7629,9832 7391,10071 7391,10365 7391,10660 7629,10898 7924,10898 Z M 7924,10875 C 8205,10875 8434,10647 8434,10365 8434,10084 8205,9855 7924,9855 7642,9855 7414,10084 7414,10365 7414,10647 7642,10875 7924,10875 Z "/>
          <path fill="rgb(0,140,59)" stroke="none" d="M 7924,10875 C 8205,10875 8434,10647 8434,10365 8434,10084 8205,9855 7924,9855 7642,9855 7414,10084 7414,10365 7414,10647 7642,10875 7924,10875 Z M 7924,10851 C 8192,10851 8410,10634 8410,10365 8410,10097 8192,9879 7924,9879 7655,9879 7438,10097 7438,10365 7438,10634 7655,10851 7924,10851 Z "/>
          <path fill="rgb(0,139,59)" stroke="none" d="M 7924,10851 C 8192,10851 8410,10634 8410,10365 8410,10097 8192,9879 7924,9879 7655,9879 7438,10097 7438,10365 7438,10634 7655,10851 7924,10851 Z M 7924,10828 C 8179,10828 8387,10621 8387,10365 8387,10110 8179,9902 7924,9902 7668,9902 7461,10110 7461,10365 7461,10621 7668,10828 7924,10828 Z "/>
          <path fill="rgb(0,138,58)" stroke="none" d="M 7924,10828 C 8179,10828 8387,10621 8387,10365 8387,10110 8179,9902 7924,9902 7668,9902 7461,10110 7461,10365 7461,10621 7668,10828 7924,10828 Z M 7924,10805 C 8167,10805 8364,10609 8364,10365 8364,10122 8167,9925 7924,9925 7680,9925 7484,10122 7484,10365 7484,10609 7680,10805 7924,10805 Z "/>
          <path fill="rgb(0,137,57)" stroke="none" d="M 7924,10805 C 8167,10805 8364,10609 8364,10365 8364,10122 8167,9925 7924,9925 7680,9925 7484,10122 7484,10365 7484,10609 7680,10805 7924,10805 Z M 7924,10782 C 8154,10782 8341,10596 8341,10365 8341,10135 8154,9948 7924,9948 7693,9948 7507,10135 7507,10365 7507,10596 7693,10782 7924,10782 Z "/>
          <path fill="rgb(0,136,57)" stroke="none" d="M 7924,10782 C 8154,10782 8341,10596 8341,10365 8341,10135 8154,9948 7924,9948 7693,9948 7507,10135 7507,10365 7507,10596 7693,10782 7924,10782 Z M 7924,10759 C 8141,10759 8318,10583 8318,10365 8318,10148 8141,9971 7924,9971 7706,9971 7530,10148 7530,10365 7530,10583 7706,10759 7924,10759 Z "/>
          <path fill="rgb(0,135,56)" stroke="none" d="M 7924,10759 C 8141,10759 8318,10583 8318,10365 8318,10148 8141,9971 7924,9971 7706,9971 7530,10148 7530,10365 7530,10583 7706,10759 7924,10759 Z M 7924,10735 C 8128,10735 8294,10570 8294,10365 8294,10161 8128,9995 7924,9995 7719,9995 7554,10161 7554,10365 7554,10570 7719,10735 7924,10735 Z "/>
          <path fill="rgb(0,134,56)" stroke="none" d="M 7924,10735 C 8128,10735 8294,10570 8294,10365 8294,10161 8128,9995 7924,9995 7719,9995 7554,10161 7554,10365 7554,10570 7719,10735 7924,10735 Z M 7924,10712 C 8115,10712 8271,10557 8271,10365 8271,10174 8115,10018 7924,10018 7732,10018 7577,10174 7577,10365 7577,10557 7732,10712 7924,10712 Z "/>
          <path fill="rgb(0,133,55)" stroke="none" d="M 7924,10712 C 8115,10712 8271,10557 8271,10365 8271,10174 8115,10018 7924,10018 7732,10018 7577,10174 7577,10365 7577,10557 7732,10712 7924,10712 Z M 7924,10689 C 8102,10689 8248,10544 8248,10365 8248,10187 8102,10041 7924,10041 7745,10041 7600,10187 7600,10365 7600,10544 7745,10689 7924,10689 Z "/>
          <path fill="rgb(0,132,54)" stroke="none" d="M 7924,10689 C 8102,10689 8248,10544 8248,10365 8248,10187 8102,10041 7924,10041 7745,10041 7600,10187 7600,10365 7600,10544 7745,10689 7924,10689 Z M 7924,10666 C 8090,10666 8225,10532 8225,10365 8225,10199 8090,10064 7924,10064 7757,10064 7623,10199 7623,10365 7623,10532 7757,10666 7924,10666 Z "/>
          <path fill="rgb(0,131,54)" stroke="none" d="M 7924,10666 C 8090,10666 8225,10532 8225,10365 8225,10199 8090,10064 7924,10064 7757,10064 7623,10199 7623,10365 7623,10532 7757,10666 7924,10666 Z M 7924,10643 C 8077,10643 8202,10519 8202,10365 8202,10212 8077,10087 7924,10087 7770,10087 7646,10212 7646,10365 7646,10519 7770,10643 7924,10643 Z "/>
          <path fill="rgb(0,130,53)" stroke="none" d="M 7924,10643 C 8077,10643 8202,10519 8202,10365 8202,10212 8077,10087 7924,10087 7770,10087 7646,10212 7646,10365 7646,10519 7770,10643 7924,10643 Z M 7924,10620 C 8064,10620 8179,10506 8179,10365 8179,10225 8064,10110 7924,10110 7783,10110 7669,10225 7669,10365 7669,10506 7783,10620 7924,10620 Z "/>
          <path fill="rgb(0,129,52)" stroke="none" d="M 7924,10620 C 8064,10620 8179,10506 8179,10365 8179,10225 8064,10110 7924,10110 7783,10110 7669,10225 7669,10365 7669,10506 7783,10620 7924,10620 Z M 7924,10596 C 8051,10596 8155,10493 8155,10365 8155,10238 8051,10134 7924,10134 7796,10134 7693,10238 7693,10365 7693,10493 7796,10596 7924,10596 Z "/>
          <path fill="rgb(0,128,52)" stroke="none" d="M 7924,10596 C 8051,10596 8155,10493 8155,10365 8155,10238 8051,10134 7924,10134 7796,10134 7693,10238 7693,10365 7693,10493 7796,10596 7924,10596 Z M 7924,10573 C 8038,10573 8132,10480 8132,10365 8132,10251 8038,10157 7924,10157 7809,10157 7716,10251 7716,10365 7716,10480 7809,10573 7924,10573 Z "/>
          <path fill="rgb(0,127,51)" stroke="none" d="M 7924,10573 C 8038,10573 8132,10480 8132,10365 8132,10251 8038,10157 7924,10157 7809,10157 7716,10251 7716,10365 7716,10480 7809,10573 7924,10573 Z M 7924,10550 C 8026,10550 8109,10468 8109,10365 8109,10263 8026,10180 7924,10180 7821,10180 7739,10263 7739,10365 7739,10468 7821,10550 7924,10550 Z "/>
          <path fill="rgb(0,126,51)" stroke="none" d="M 7924,10550 C 8026,10550 8109,10468 8109,10365 8109,10263 8026,10180 7924,10180 7821,10180 7739,10263 7739,10365 7739,10468 7821,10550 7924,10550 Z M 7924,10527 C 8013,10527 8086,10455 8086,10365 8086,10276 8013,10203 7924,10203 7834,10203 7762,10276 7762,10365 7762,10455 7834,10527 7924,10527 Z "/>
          <path fill="rgb(0,125,50)" stroke="none" d="M 7924,10527 C 8013,10527 8086,10455 8086,10365 8086,10276 8013,10203 7924,10203 7834,10203 7762,10276 7762,10365 7762,10455 7834,10527 7924,10527 Z M 7924,10504 C 8000,10504 8063,10442 8063,10365 8063,10289 8000,10226 7924,10226 7847,10226 7785,10289 7785,10365 7785,10442 7847,10504 7924,10504 Z "/>
          <path fill="rgb(0,124,49)" stroke="none" d="M 7924,10504 C 8000,10504 8063,10442 8063,10365 8063,10289 8000,10226 7924,10226 7847,10226 7785,10289 7785,10365 7785,10442 7847,10504 7924,10504 Z M 7924,10480 C 7987,10480 8039,10429 8039,10365 8039,10302 7987,10250 7924,10250 7860,10250 7809,10302 7809,10365 7809,10429 7860,10480 7924,10480 Z "/>
          <path fill="rgb(0,123,49)" stroke="none" d="M 7924,10480 C 7987,10480 8039,10429 8039,10365 8039,10302 7987,10250 7924,10250 7860,10250 7809,10302 7809,10365 7809,10429 7860,10480 7924,10480 Z M 7924,10457 C 7974,10457 8016,10416 8016,10365 8016,10315 7974,10273 7924,10273 7873,10273 7832,10315 7832,10365 7832,10416 7873,10457 7924,10457 Z "/>
          <path fill="rgb(0,122,48)" stroke="none" d="M 7924,10457 C 7974,10457 8016,10416 8016,10365 8016,10315 7974,10273 7924,10273 7873,10273 7832,10315 7832,10365 7832,10416 7873,10457 7924,10457 Z M 7924,10434 C 7962,10434 7993,10404 7993,10365 7993,10327 7962,10296 7924,10296 7885,10296 7855,10327 7855,10365 7855,10404 7885,10434 7924,10434 Z "/>
          <path fill="rgb(0,121,47)" stroke="none" d="M 7924,10434 C 7962,10434 7993,10404 7993,10365 7993,10327 7962,10296 7924,10296 7885,10296 7855,10327 7855,10365 7855,10404 7885,10434 7924,10434 Z M 7924,10411 C 7949,10411 7970,10391 7970,10365 7970,10340 7949,10319 7924,10319 7898,10319 7878,10340 7878,10365 7878,10391 7898,10411 7924,10411 Z "/>
          <path fill="rgb(0,120,47)" stroke="none" d="M 7924,10411 C 7949,10411 7970,10391 7970,10365 7970,10340 7949,10319 7924,10319 7898,10319 7878,10340 7878,10365 7878,10391 7898,10411 7924,10411 Z M 7924,10388 C 7936,10388 7947,10378 7947,10365 7947,10353 7936,10342 7924,10342 7911,10342 7901,10353 7901,10365 7901,10378 7911,10388 7924,10388 Z "/>
          <path fill="rgb(0,118,45)" stroke="none" d="M 7924,10388 C 7936,10388 7947,10378 7947,10365 7947,10353 7936,10342 7924,10342 7911,10342 7901,10353 7901,10365 7901,10378 7911,10388 7924,10388 Z "/>
         </g>
        </g>
       </pattern>
      </defs>
      <path style="fill:url(#pattern3)" d="M 8770,10014 L 8770,10712 8770,10712 8770,10723 8769,10735 8767,10746 8764,10757 8761,10768 8757,10779 8752,10789 8747,10799 8741,10809 8734,10818 8727,10827 8719,10835 8711,10843 8702,10850 8692,10857 8683,10863 8673,10869 8662,10873 8652,10877 8641,10881 8630,10883 8618,10885 8607,10886 8595,10887 8595,10887 7079,10887 7079,10887 7079,9840 7079,9840 8596,9840 8596,9840 8607,9840 8619,9841 8630,9843 8641,9846 8652,9849 8663,9853 8673,9858 8683,9863 8693,9869 8702,9876 8711,9883 8719,9891 8727,9899 8734,9908 8741,9918 8747,9927 8753,9937 8757,9948 8761,9958 8765,9969 8767,9980 8769,9992 8770,10003 8771,10015 8770,10014 Z "/>
     </g>
    </g>
   </g>
  </g>
  <g class="com.sun.star.drawing.CustomShape">
   <g id="id7">
    <rect class="BoundingBox" stroke="none" fill="none" x="7072" y="7470" width="1119" height="2372"/>
    <g>
     <defs>
      <linearGradient id="gradient2" x1="7630" y1="9840" x2="7630" y2="7469" gradientUnits="userSpaceOnUse">
       <stop offset="0" style="stop-color:rgb(180,129,0)"/>
       <stop offset="0.5" style="stop-color:rgb(214,161,0)"/>
       <stop offset="1" style="stop-color:rgb(255,191,0)"/>
      </linearGradient>
     </defs>
     <path style="fill:url(#gradient2)" d="M 7072,8638 L 8116,7470 8124,7473 8131,7476 8139,7479 8146,7483 8152,7488 8158,7494 8164,7500 8169,7508 8173,7516 8177,7526 8181,7537 8184,7550 8186,7564 8188,7580 8189,7616 8189,9841 8189,9841 7080,9841 7080,9841 7072,8638 Z "/>
    </g>
   </g>
  </g>
  <g class="com.sun.star.drawing.CustomShape">
   <g id="id8">
    <rect class="BoundingBox" stroke="none" fill="none" x="16974" y="7427" width="4097" height="2489"/>
    <g>
     <defs>
      <pattern id="pattern4" x="16975" y="7428" width="4096" height="2487" patternUnits="userSpaceOnUse">
       <g transform="translate(-16975,-7428)">
        <defs>
         <clipPath id="clip_path_4" clipPathUnits="userSpaceOnUse">
          <path d="M 16986,7435 L 21061,7435 21061,9922 16986,9922 16986,7435 Z "/>
         </clipPath>
        </defs>
        <g clip-path="url(#clip_path_4)">
         <path fill="rgb(255,0,0)" stroke="none" d="M 16974,7427 L 21071,7427 21071,9915 16974,9915 16974,7427 Z M 21072,9802 C 22382,9802 23445,8740 23445,7428 23445,6117 22382,5054 21072,5054 19762,5054 18699,6117 18699,7428 18699,8740 19762,9802 21072,9802 Z "/>
         <path fill="rgb(254,0,0)" stroke="none" d="M 21072,9802 C 22382,9802 23445,8740 23445,7428 23445,6117 22382,5054 21072,5054 19762,5054 18699,6117 18699,7428 18699,8740 19762,9802 21072,9802 Z M 21072,9779 C 22369,9779 23422,8727 23422,7428 23422,6130 22369,5077 21072,5077 19775,5077 18722,6130 18722,7428 18722,8727 19775,9779 21072,9779 Z "/>
         <path fill="rgb(253,0,0)" stroke="none" d="M 21072,9779 C 22369,9779 23422,8727 23422,7428 23422,6130 22369,5077 21072,5077 19775,5077 18722,6130 18722,7428 18722,8727 19775,9779 21072,9779 Z M 21072,9756 C 22357,9756 23399,8714 23399,7428 23399,6143 22357,5100 21072,5100 19787,5100 18745,6143 18745,7428 18745,8714 19787,9756 21072,9756 Z "/>
         <path fill="rgb(252,0,0)" stroke="none" d="M 21072,9756 C 22357,9756 23399,8714 23399,7428 23399,6143 22357,5100 21072,5100 19787,5100 18745,6143 18745,7428 18745,8714 19787,9756 21072,9756 Z M 21072,9733 C 22344,9733 23376,8702 23376,7428 23376,6155 22344,5123 21072,5123 19800,5123 18768,6155 18768,7428 18768,8702 19800,9733 21072,9733 Z "/>
         <path fill="rgb(251,0,0)" stroke="none" d="M 21072,9733 C 22344,9733 23376,8702 23376,7428 23376,6155 22344,5123 21072,5123 19800,5123 18768,6155 18768,7428 18768,8702 19800,9733 21072,9733 Z M 21072,9710 C 22331,9710 23353,8689 23353,7428 23353,6168 22331,5146 21072,5146 19813,5146 18791,6168 18791,7428 18791,8689 19813,9710 21072,9710 Z "/>
         <path fill="rgb(250,0,0)" stroke="none" d="M 21072,9710 C 22331,9710 23353,8689 23353,7428 23353,6168 22331,5146 21072,5146 19813,5146 18791,6168 18791,7428 18791,8689 19813,9710 21072,9710 Z M 21072,9687 C 22319,9687 23330,8676 23330,7428 23330,6181 22319,5169 21072,5169 19825,5169 18814,6181 18814,7428 18814,8676 19825,9687 21072,9687 Z "/>
         <path fill="rgb(249,0,0)" stroke="none" d="M 21072,9687 C 22319,9687 23330,8676 23330,7428 23330,6181 22319,5169 21072,5169 19825,5169 18814,6181 18814,7428 18814,8676 19825,9687 21072,9687 Z M 21072,9664 C 22306,9664 23307,8663 23307,7428 23307,6194 22306,5192 21072,5192 19838,5192 18837,6194 18837,7428 18837,8663 19838,9664 21072,9664 Z "/>
         <path fill="rgb(248,0,0)" stroke="none" d="M 21072,9664 C 22306,9664 23307,8663 23307,7428 23307,6194 22306,5192 21072,5192 19838,5192 18837,6194 18837,7428 18837,8663 19838,9664 21072,9664 Z M 21072,9641 C 22293,9641 23284,8651 23284,7428 23284,6206 22293,5215 21072,5215 19851,5215 18860,6206 18860,7428 18860,8651 19851,9641 21072,9641 Z "/>
         <path fill="rgb(247,0,0)" stroke="none" d="M 21072,9641 C 22293,9641 23284,8651 23284,7428 23284,6206 22293,5215 21072,5215 19851,5215 18860,6206 18860,7428 18860,8651 19851,9641 21072,9641 Z M 21072,9618 C 22280,9618 23261,8638 23261,7428 23261,6219 22280,5238 21072,5238 19864,5238 18883,6219 18883,7428 18883,8638 19864,9618 21072,9618 Z "/>
         <path fill="rgb(246,0,0)" stroke="none" d="M 21072,9618 C 22280,9618 23261,8638 23261,7428 23261,6219 22280,5238 21072,5238 19864,5238 18883,6219 18883,7428 18883,8638 19864,9618 21072,9618 Z M 21072,9595 C 22268,9595 23238,8625 23238,7428 23238,6232 22268,5261 21072,5261 19876,5261 18906,6232 18906,7428 18906,8625 19876,9595 21072,9595 Z "/>
         <path fill="rgb(245,0,0)" stroke="none" d="M 21072,9595 C 22268,9595 23238,8625 23238,7428 23238,6232 22268,5261 21072,5261 19876,5261 18906,6232 18906,7428 18906,8625 19876,9595 21072,9595 Z M 21072,9572 C 22255,9572 23215,8613 23215,7428 23215,6244 22255,5284 21072,5284 19889,5284 18929,6244 18929,7428 18929,8613 19889,9572 21072,9572 Z "/>
         <path fill="rgb(244,0,0)" stroke="none" d="M 21072,9572 C 22255,9572 23215,8613 23215,7428 23215,6244 22255,5284 21072,5284 19889,5284 18929,6244 18929,7428 18929,8613 19889,9572 21072,9572 Z M 21072,9549 C 22242,9549 23192,8600 23192,7428 23192,6257 22242,5307 21072,5307 19902,5307 18952,6257 18952,7428 18952,8600 19902,9549 21072,9549 Z "/>
         <path fill="rgb(243,0,0)" stroke="none" d="M 21072,9549 C 22242,9549 23192,8600 23192,7428 23192,6257 22242,5307 21072,5307 19902,5307 18952,6257 18952,7428 18952,8600 19902,9549 21072,9549 Z M 21072,9526 C 22230,9526 23169,8587 23169,7428 23169,6270 22230,5330 21072,5330 19914,5330 18975,6270 18975,7428 18975,8587 19914,9526 21072,9526 Z "/>
         <path fill="rgb(242,0,0)" stroke="none" d="M 21072,9526 C 22230,9526 23169,8587 23169,7428 23169,6270 22230,5330 21072,5330 19914,5330 18975,6270 18975,7428 18975,8587 19914,9526 21072,9526 Z M 21072,9503 C 22217,9503 23146,8574 23146,7428 23146,6283 22217,5353 21072,5353 19927,5353 18998,6283 18998,7428 18998,8574 19927,9503 21072,9503 Z "/>
         <path fill="rgb(241,0,0)" stroke="none" d="M 21072,9503 C 22217,9503 23146,8574 23146,7428 23146,6283 22217,5353 21072,5353 19927,5353 18998,6283 18998,7428 18998,8574 19927,9503 21072,9503 Z M 21072,9480 C 22204,9480 23123,8562 23123,7428 23123,6295 22204,5376 21072,5376 19940,5376 19021,6295 19021,7428 19021,8562 19940,9480 21072,9480 Z "/>
         <path fill="rgb(240,0,0)" stroke="none" d="M 21072,9480 C 22204,9480 23123,8562 23123,7428 23123,6295 22204,5376 21072,5376 19940,5376 19021,6295 19021,7428 19021,8562 19940,9480 21072,9480 Z M 21072,9457 C 22192,9457 23100,8549 23100,7428 23100,6308 22192,5399 21072,5399 19952,5399 19044,6308 19044,7428 19044,8549 19952,9457 21072,9457 Z "/>
         <path fill="rgb(239,0,0)" stroke="none" d="M 21072,9457 C 22192,9457 23100,8549 23100,7428 23100,6308 22192,5399 21072,5399 19952,5399 19044,6308 19044,7428 19044,8549 19952,9457 21072,9457 Z M 21072,9434 C 22179,9434 23077,8536 23077,7428 23077,6321 22179,5422 21072,5422 19965,5422 19067,6321 19067,7428 19067,8536 19965,9434 21072,9434 Z "/>
         <path fill="rgb(238,0,0)" stroke="none" d="M 21072,9434 C 22179,9434 23077,8536 23077,7428 23077,6321 22179,5422 21072,5422 19965,5422 19067,6321 19067,7428 19067,8536 19965,9434 21072,9434 Z M 21072,9411 C 22166,9411 23054,8524 23054,7428 23054,6333 22166,5445 21072,5445 19978,5445 19090,6333 19090,7428 19090,8524 19978,9411 21072,9411 Z "/>
         <path fill="rgb(237,0,0)" stroke="none" d="M 21072,9411 C 22166,9411 23054,8524 23054,7428 23054,6333 22166,5445 21072,5445 19978,5445 19090,6333 19090,7428 19090,8524 19978,9411 21072,9411 Z M 21072,9387 C 22153,9387 23030,8510 23030,7428 23030,6347 22153,5469 21072,5469 19991,5469 19114,6347 19114,7428 19114,8510 19991,9387 21072,9387 Z "/>
         <path fill="rgb(236,0,0)" stroke="none" d="M 21072,9387 C 22153,9387 23030,8510 23030,7428 23030,6347 22153,5469 21072,5469 19991,5469 19114,6347 19114,7428 19114,8510 19991,9387 21072,9387 Z M 21072,9364 C 22140,9364 23007,8498 23007,7428 23007,6359 22140,5492 21072,5492 20004,5492 19137,6359 19137,7428 19137,8498 20004,9364 21072,9364 Z "/>
         <path fill="rgb(235,0,0)" stroke="none" d="M 21072,9364 C 22140,9364 23007,8498 23007,7428 23007,6359 22140,5492 21072,5492 20004,5492 19137,6359 19137,7428 19137,8498 20004,9364 21072,9364 Z M 21072,9341 C 22127,9341 22984,8485 22984,7428 22984,6372 22127,5515 21072,5515 20017,5515 19160,6372 19160,7428 19160,8485 20017,9341 21072,9341 Z "/>
         <path fill="rgb(234,0,0)" stroke="none" d="M 21072,9341 C 22127,9341 22984,8485 22984,7428 22984,6372 22127,5515 21072,5515 20017,5515 19160,6372 19160,7428 19160,8485 20017,9341 21072,9341 Z M 21072,9318 C 22115,9318 22961,8472 22961,7428 22961,6385 22115,5538 21072,5538 20029,5538 19183,6385 19183,7428 19183,8472 20029,9318 21072,9318 Z "/>
         <path fill="rgb(233,0,0)" stroke="none" d="M 21072,9318 C 22115,9318 22961,8472 22961,7428 22961,6385 22115,5538 21072,5538 20029,5538 19183,6385 19183,7428 19183,8472 20029,9318 21072,9318 Z M 21072,9295 C 22102,9295 22938,8460 22938,7428 22938,6397 22102,5561 21072,5561 20042,5561 19206,6397 19206,7428 19206,8460 20042,9295 21072,9295 Z "/>
         <path fill="rgb(232,0,0)" stroke="none" d="M 21072,9295 C 22102,9295 22938,8460 22938,7428 22938,6397 22102,5561 21072,5561 20042,5561 19206,6397 19206,7428 19206,8460 20042,9295 21072,9295 Z M 21072,9272 C 22089,9272 22915,8447 22915,7428 22915,6410 22089,5584 21072,5584 20055,5584 19229,6410 19229,7428 19229,8447 20055,9272 21072,9272 Z "/>
         <path fill="rgb(231,0,0)" stroke="none" d="M 21072,9272 C 22089,9272 22915,8447 22915,7428 22915,6410 22089,5584 21072,5584 20055,5584 19229,6410 19229,7428 19229,8447 20055,9272 21072,9272 Z M 21072,9249 C 22077,9249 22892,8434 22892,7428 22892,6423 22077,5607 21072,5607 20067,5607 19252,6423 19252,7428 19252,8434 20067,9249 21072,9249 Z "/>
         <path fill="rgb(230,0,0)" stroke="none" d="M 21072,9249 C 22077,9249 22892,8434 22892,7428 22892,6423 22077,5607 21072,5607 20067,5607 19252,6423 19252,7428 19252,8434 20067,9249 21072,9249 Z M 21072,9226 C 22064,9226 22869,8422 22869,7428 22869,6435 22064,5630 21072,5630 20080,5630 19275,6435 19275,7428 19275,8422 20080,9226 21072,9226 Z "/>
         <path fill="rgb(229,0,0)" stroke="none" d="M 21072,9226 C 22064,9226 22869,8422 22869,7428 22869,6435 22064,5630 21072,5630 20080,5630 19275,6435 19275,7428 19275,8422 20080,9226 21072,9226 Z M 21072,9203 C 22051,9203 22846,8409 22846,7428 22846,6448 22051,5653 21072,5653 20093,5653 19298,6448 19298,7428 19298,8409 20093,9203 21072,9203 Z "/>
         <path fill="rgb(228,0,0)" stroke="none" d="M 21072,9203 C 22051,9203 22846,8409 22846,7428 22846,6448 22051,5653 21072,5653 20093,5653 19298,6448 19298,7428 19298,8409 20093,9203 21072,9203 Z M 21072,9180 C 22039,9180 22823,8396 22823,7428 22823,6461 22039,5676 21072,5676 20105,5676 19321,6461 19321,7428 19321,8396 20105,9180 21072,9180 Z "/>
         <path fill="rgb(227,0,0)" stroke="none" d="M 21072,9180 C 22039,9180 22823,8396 22823,7428 22823,6461 22039,5676 21072,5676 20105,5676 19321,6461 19321,7428 19321,8396 20105,9180 21072,9180 Z M 21072,9157 C 22026,9157 22800,8383 22800,7428 22800,6474 22026,5699 21072,5699 20118,5699 19344,6474 19344,7428 19344,8383 20118,9157 21072,9157 Z "/>
         <path fill="rgb(226,0,0)" stroke="none" d="M 21072,9157 C 22026,9157 22800,8383 22800,7428 22800,6474 22026,5699 21072,5699 20118,5699 19344,6474 19344,7428 19344,8383 20118,9157 21072,9157 Z M 21072,9134 C 22013,9134 22777,8371 22777,7428 22777,6486 22013,5722 21072,5722 20131,5722 19367,6486 19367,7428 19367,8371 20131,9134 21072,9134 Z "/>
         <path fill="rgb(225,0,0)" stroke="none" d="M 21072,9134 C 22013,9134 22777,8371 22777,7428 22777,6486 22013,5722 21072,5722 20131,5722 19367,6486 19367,7428 19367,8371 20131,9134 21072,9134 Z M 21072,9111 C 22000,9111 22754,8358 22754,7428 22754,6499 22000,5745 21072,5745 20144,5745 19390,6499 19390,7428 19390,8358 20144,9111 21072,9111 Z "/>
         <path fill="rgb(224,0,0)" stroke="none" d="M 21072,9111 C 22000,9111 22754,8358 22754,7428 22754,6499 22000,5745 21072,5745 20144,5745 19390,6499 19390,7428 19390,8358 20144,9111 21072,9111 Z M 21072,9088 C 21988,9088 22731,8345 22731,7428 22731,6512 21988,5768 21072,5768 20156,5768 19413,6512 19413,7428 19413,8345 20156,9088 21072,9088 Z "/>
         <path fill="rgb(223,0,0)" stroke="none" d="M 21072,9088 C 21988,9088 22731,8345 22731,7428 22731,6512 21988,5768 21072,5768 20156,5768 19413,6512 19413,7428 19413,8345 20156,9088 21072,9088 Z M 21072,9065 C 21975,9065 22708,8333 22708,7428 22708,6524 21975,5791 21072,5791 20169,5791 19436,6524 19436,7428 19436,8333 20169,9065 21072,9065 Z "/>
         <path fill="rgb(222,0,0)" stroke="none" d="M 21072,9065 C 21975,9065 22708,8333 22708,7428 22708,6524 21975,5791 21072,5791 20169,5791 19436,6524 19436,7428 19436,8333 20169,9065 21072,9065 Z M 21072,9042 C 21962,9042 22685,8320 22685,7428 22685,6537 21962,5814 21072,5814 20182,5814 19459,6537 19459,7428 19459,8320 20182,9042 21072,9042 Z "/>
         <path fill="rgb(221,0,0)" stroke="none" d="M 21072,9042 C 21962,9042 22685,8320 22685,7428 22685,6537 21962,5814 21072,5814 20182,5814 19459,6537 19459,7428 19459,8320 20182,9042 21072,9042 Z M 21072,9019 C 21950,9019 22662,8307 22662,7428 22662,6550 21950,5837 21072,5837 20194,5837 19482,6550 19482,7428 19482,8307 20194,9019 21072,9019 Z "/>
         <path fill="rgb(220,0,0)" stroke="none" d="M 21072,9019 C 21950,9019 22662,8307 22662,7428 22662,6550 21950,5837 21072,5837 20194,5837 19482,6550 19482,7428 19482,8307 20194,9019 21072,9019 Z M 21072,8996 C 21937,8996 22639,8294 22639,7428 22639,6563 21937,5860 21072,5860 20207,5860 19505,6563 19505,7428 19505,8294 20207,8996 21072,8996 Z "/>
         <path fill="rgb(219,0,0)" stroke="none" d="M 21072,8996 C 21937,8996 22639,8294 22639,7428 22639,6563 21937,5860 21072,5860 20207,5860 19505,6563 19505,7428 19505,8294 20207,8996 21072,8996 Z M 21072,8973 C 21924,8973 22616,8282 22616,7428 22616,6575 21924,5883 21072,5883 20220,5883 19528,6575 19528,7428 19528,8282 20220,8973 21072,8973 Z "/>
         <path fill="rgb(218,0,0)" stroke="none" d="M 21072,8973 C 21924,8973 22616,8282 22616,7428 22616,6575 21924,5883 21072,5883 20220,5883 19528,6575 19528,7428 19528,8282 20220,8973 21072,8973 Z M 21072,8949 C 21911,8949 22592,8269 22592,7428 22592,6588 21911,5907 21072,5907 20233,5907 19552,6588 19552,7428 19552,8269 20233,8949 21072,8949 Z "/>
         <path fill="rgb(217,0,0)" stroke="none" d="M 21072,8949 C 21911,8949 22592,8269 22592,7428 22592,6588 21911,5907 21072,5907 20233,5907 19552,6588 19552,7428 19552,8269 20233,8949 21072,8949 Z M 21072,8926 C 21898,8926 22569,8256 22569,7428 22569,6601 21898,5930 21072,5930 20246,5930 19575,6601 19575,7428 19575,8256 20246,8926 21072,8926 Z "/>
         <path fill="rgb(216,0,0)" stroke="none" d="M 21072,8926 C 21898,8926 22569,8256 22569,7428 22569,6601 21898,5930 21072,5930 20246,5930 19575,6601 19575,7428 19575,8256 20246,8926 21072,8926 Z M 21072,8903 C 21886,8903 22546,8243 22546,7428 22546,6614 21886,5953 21072,5953 20258,5953 19598,6614 19598,7428 19598,8243 20258,8903 21072,8903 Z "/>
         <path fill="rgb(215,0,0)" stroke="none" d="M 21072,8903 C 21886,8903 22546,8243 22546,7428 22546,6614 21886,5953 21072,5953 20258,5953 19598,6614 19598,7428 19598,8243 20258,8903 21072,8903 Z M 21072,8880 C 21873,8880 22523,8230 22523,7428 22523,6627 21873,5976 21072,5976 20271,5976 19621,6627 19621,7428 19621,8230 20271,8880 21072,8880 Z "/>
         <path fill="rgb(214,0,0)" stroke="none" d="M 21072,8880 C 21873,8880 22523,8230 22523,7428 22523,6627 21873,5976 21072,5976 20271,5976 19621,6627 19621,7428 19621,8230 20271,8880 21072,8880 Z M 21072,8857 C 21860,8857 22500,8218 22500,7428 22500,6639 21860,5999 21072,5999 20284,5999 19644,6639 19644,7428 19644,8218 20284,8857 21072,8857 Z "/>
         <path fill="rgb(213,0,0)" stroke="none" d="M 21072,8857 C 21860,8857 22500,8218 22500,7428 22500,6639 21860,5999 21072,5999 20284,5999 19644,6639 19644,7428 19644,8218 20284,8857 21072,8857 Z M 21072,8834 C 21847,8834 22477,8205 22477,7428 22477,6652 21847,6022 21072,6022 20297,6022 19667,6652 19667,7428 19667,8205 20297,8834 21072,8834 Z "/>
         <path fill="rgb(212,0,0)" stroke="none" d="M 21072,8834 C 21847,8834 22477,8205 22477,7428 22477,6652 21847,6022 21072,6022 20297,6022 19667,6652 19667,7428 19667,8205 20297,8834 21072,8834 Z M 21072,8811 C 21835,8811 22454,8192 22454,7428 22454,6665 21835,6045 21072,6045 20309,6045 19690,6665 19690,7428 19690,8192 20309,8811 21072,8811 Z "/>
         <path fill="rgb(211,0,0)" stroke="none" d="M 21072,8811 C 21835,8811 22454,8192 22454,7428 22454,6665 21835,6045 21072,6045 20309,6045 19690,6665 19690,7428 19690,8192 20309,8811 21072,8811 Z M 21072,8788 C 21822,8788 22431,8180 22431,7428 22431,6677 21822,6068 21072,6068 20322,6068 19713,6677 19713,7428 19713,8180 20322,8788 21072,8788 Z "/>
         <path fill="rgb(210,0,0)" stroke="none" d="M 21072,8788 C 21822,8788 22431,8180 22431,7428 22431,6677 21822,6068 21072,6068 20322,6068 19713,6677 19713,7428 19713,8180 20322,8788 21072,8788 Z M 21072,8765 C 21809,8765 22408,8167 22408,7428 22408,6690 21809,6091 21072,6091 20335,6091 19736,6690 19736,7428 19736,8167 20335,8765 21072,8765 Z "/>
         <path fill="rgb(209,0,0)" stroke="none" d="M 21072,8765 C 21809,8765 22408,8167 22408,7428 22408,6690 21809,6091 21072,6091 20335,6091 19736,6690 19736,7428 19736,8167 20335,8765 21072,8765 Z M 21072,8742 C 21797,8742 22385,8154 22385,7428 22385,6703 21797,6114 21072,6114 20347,6114 19759,6703 19759,7428 19759,8154 20347,8742 21072,8742 Z "/>
         <path fill="rgb(208,0,0)" stroke="none" d="M 21072,8742 C 21797,8742 22385,8154 22385,7428 22385,6703 21797,6114 21072,6114 20347,6114 19759,6703 19759,7428 19759,8154 20347,8742 21072,8742 Z M 21072,8719 C 21784,8719 22362,8141 22362,7428 22362,6716 21784,6137 21072,6137 20360,6137 19782,6716 19782,7428 19782,8141 20360,8719 21072,8719 Z "/>
         <path fill="rgb(207,0,0)" stroke="none" d="M 21072,8719 C 21784,8719 22362,8141 22362,7428 22362,6716 21784,6137 21072,6137 20360,6137 19782,6716 19782,7428 19782,8141 20360,8719 21072,8719 Z M 21072,8696 C 21771,8696 22339,8129 22339,7428 22339,6728 21771,6160 21072,6160 20373,6160 19805,6728 19805,7428 19805,8129 20373,8696 21072,8696 Z "/>
         <path fill="rgb(206,0,0)" stroke="none" d="M 21072,8696 C 21771,8696 22339,8129 22339,7428 22339,6728 21771,6160 21072,6160 20373,6160 19805,6728 19805,7428 19805,8129 20373,8696 21072,8696 Z M 21072,8673 C 21759,8673 22316,8116 22316,7428 22316,6741 21759,6183 21072,6183 20385,6183 19828,6741 19828,7428 19828,8116 20385,8673 21072,8673 Z "/>
         <path fill="rgb(205,0,0)" stroke="none" d="M 21072,8673 C 21759,8673 22316,8116 22316,7428 22316,6741 21759,6183 21072,6183 20385,6183 19828,6741 19828,7428 19828,8116 20385,8673 21072,8673 Z M 21072,8650 C 21746,8650 22293,8103 22293,7428 22293,6754 21746,6206 21072,6206 20398,6206 19851,6754 19851,7428 19851,8103 20398,8650 21072,8650 Z "/>
         <path fill="rgb(204,0,0)" stroke="none" d="M 21072,8650 C 21746,8650 22293,8103 22293,7428 22293,6754 21746,6206 21072,6206 20398,6206 19851,6754 19851,7428 19851,8103 20398,8650 21072,8650 Z M 21072,8627 C 21733,8627 22270,8091 22270,7428 22270,6766 21733,6229 21072,6229 20411,6229 19874,6766 19874,7428 19874,8091 20411,8627 21072,8627 Z "/>
         <path fill="rgb(203,0,0)" stroke="none" d="M 21072,8627 C 21733,8627 22270,8091 22270,7428 22270,6766 21733,6229 21072,6229 20411,6229 19874,6766 19874,7428 19874,8091 20411,8627 21072,8627 Z M 21072,8604 C 21720,8604 22247,8078 22247,7428 22247,6779 21720,6252 21072,6252 20424,6252 19897,6779 19897,7428 19897,8078 20424,8604 21072,8604 Z "/>
         <path fill="rgb(202,0,0)" stroke="none" d="M 21072,8604 C 21720,8604 22247,8078 22247,7428 22247,6779 21720,6252 21072,6252 20424,6252 19897,6779 19897,7428 19897,8078 20424,8604 21072,8604 Z M 21072,8581 C 21708,8581 22224,8065 22224,7428 22224,6792 21708,6275 21072,6275 20436,6275 19920,6792 19920,7428 19920,8065 20436,8581 21072,8581 Z "/>
         <path fill="rgb(201,0,0)" stroke="none" d="M 21072,8581 C 21708,8581 22224,8065 22224,7428 22224,6792 21708,6275 21072,6275 20436,6275 19920,6792 19920,7428 19920,8065 20436,8581 21072,8581 Z M 21072,8558 C 21695,8558 22201,8053 22201,7428 22201,6804 21695,6298 21072,6298 20449,6298 19943,6804 19943,7428 19943,8053 20449,8558 21072,8558 Z "/>
         <path fill="rgb(200,0,0)" stroke="none" d="M 21072,8558 C 21695,8558 22201,8053 22201,7428 22201,6804 21695,6298 21072,6298 20449,6298 19943,6804 19943,7428 19943,8053 20449,8558 21072,8558 Z M 21072,8535 C 21682,8535 22178,8040 22178,7428 22178,6817 21682,6321 21072,6321 20462,6321 19966,6817 19966,7428 19966,8040 20462,8535 21072,8535 Z "/>
         <path fill="rgb(199,0,0)" stroke="none" d="M 21072,8535 C 21682,8535 22178,8040 22178,7428 22178,6817 21682,6321 21072,6321 20462,6321 19966,6817 19966,7428 19966,8040 20462,8535 21072,8535 Z M 21072,8511 C 21669,8511 22154,8027 22154,7428 22154,6830 21669,6345 21072,6345 20475,6345 19990,6830 19990,7428 19990,8027 20475,8511 21072,8511 Z "/>
         <path fill="rgb(198,0,0)" stroke="none" d="M 21072,8511 C 21669,8511 22154,8027 22154,7428 22154,6830 21669,6345 21072,6345 20475,6345 19990,6830 19990,7428 19990,8027 20475,8511 21072,8511 Z M 21072,8488 C 21656,8488 22131,8014 22131,7428 22131,6843 21656,6368 21072,6368 20488,6368 20013,6843 20013,7428 20013,8014 20488,8488 21072,8488 Z "/>
         <path fill="rgb(197,0,0)" stroke="none" d="M 21072,8488 C 21656,8488 22131,8014 22131,7428 22131,6843 21656,6368 21072,6368 20488,6368 20013,6843 20013,7428 20013,8014 20488,8488 21072,8488 Z M 21072,8465 C 21644,8465 22108,8001 22108,7428 22108,6856 21644,6391 21072,6391 20500,6391 20036,6856 20036,7428 20036,8001 20500,8465 21072,8465 Z "/>
         <path fill="rgb(196,0,0)" stroke="none" d="M 21072,8465 C 21644,8465 22108,8001 22108,7428 22108,6856 21644,6391 21072,6391 20500,6391 20036,6856 20036,7428 20036,8001 20500,8465 21072,8465 Z M 21072,8442 C 21631,8442 22085,7989 22085,7428 22085,6868 21631,6414 21072,6414 20513,6414 20059,6868 20059,7428 20059,7989 20513,8442 21072,8442 Z "/>
         <path fill="rgb(195,0,0)" stroke="none" d="M 21072,8442 C 21631,8442 22085,7989 22085,7428 22085,6868 21631,6414 21072,6414 20513,6414 20059,6868 20059,7428 20059,7989 20513,8442 21072,8442 Z M 21072,8419 C 21618,8419 22062,7976 22062,7428 22062,6881 21618,6437 21072,6437 20526,6437 20082,6881 20082,7428 20082,7976 20526,8419 21072,8419 Z "/>
         <path fill="rgb(194,0,0)" stroke="none" d="M 21072,8419 C 21618,8419 22062,7976 22062,7428 22062,6881 21618,6437 21072,6437 20526,6437 20082,6881 20082,7428 20082,7976 20526,8419 21072,8419 Z M 21072,8396 C 21606,8396 22039,7963 22039,7428 22039,6894 21606,6460 21072,6460 20538,6460 20105,6894 20105,7428 20105,7963 20538,8396 21072,8396 Z "/>
         <path fill="rgb(193,0,0)" stroke="none" d="M 21072,8396 C 21606,8396 22039,7963 22039,7428 22039,6894 21606,6460 21072,6460 20538,6460 20105,6894 20105,7428 20105,7963 20538,8396 21072,8396 Z M 21072,8373 C 21593,8373 22016,7950 22016,7428 22016,6907 21593,6483 21072,6483 20551,6483 20128,6907 20128,7428 20128,7950 20551,8373 21072,8373 Z "/>
         <path fill="rgb(192,0,0)" stroke="none" d="M 21072,8373 C 21593,8373 22016,7950 22016,7428 22016,6907 21593,6483 21072,6483 20551,6483 20128,6907 20128,7428 20128,7950 20551,8373 21072,8373 Z M 21072,8350 C 21580,8350 21993,7938 21993,7428 21993,6919 21580,6506 21072,6506 20564,6506 20151,6919 20151,7428 20151,7938 20564,8350 21072,8350 Z "/>
         <path fill="rgb(191,0,0)" stroke="none" d="M 21072,8350 C 21580,8350 21993,7938 21993,7428 21993,6919 21580,6506 21072,6506 20564,6506 20151,6919 20151,7428 20151,7938 20564,8350 21072,8350 Z M 21072,8327 C 21567,8327 21970,7925 21970,7428 21970,6932 21567,6529 21072,6529 20577,6529 20174,6932 20174,7428 20174,7925 20577,8327 21072,8327 Z "/>
         <path fill="rgb(190,0,0)" stroke="none" d="M 21072,8327 C 21567,8327 21970,7925 21970,7428 21970,6932 21567,6529 21072,6529 20577,6529 20174,6932 20174,7428 20174,7925 20577,8327 21072,8327 Z M 21072,8304 C 21555,8304 21947,7912 21947,7428 21947,6945 21555,6552 21072,6552 20589,6552 20197,6945 20197,7428 20197,7912 20589,8304 21072,8304 Z "/>
         <path fill="rgb(189,0,0)" stroke="none" d="M 21072,8304 C 21555,8304 21947,7912 21947,7428 21947,6945 21555,6552 21072,6552 20589,6552 20197,6945 20197,7428 20197,7912 20589,8304 21072,8304 Z M 21072,8281 C 21542,8281 21924,7900 21924,7428 21924,6957 21542,6575 21072,6575 20602,6575 20220,6957 20220,7428 20220,7900 20602,8281 21072,8281 Z "/>
         <path fill="rgb(188,0,0)" stroke="none" d="M 21072,8281 C 21542,8281 21924,7900 21924,7428 21924,6957 21542,6575 21072,6575 20602,6575 20220,6957 20220,7428 20220,7900 20602,8281 21072,8281 Z M 21072,8258 C 21529,8258 21901,7887 21901,7428 21901,6970 21529,6598 21072,6598 20615,6598 20243,6970 20243,7428 20243,7887 20615,8258 21072,8258 Z "/>
         <path fill="rgb(187,0,0)" stroke="none" d="M 21072,8258 C 21529,8258 21901,7887 21901,7428 21901,6970 21529,6598 21072,6598 20615,6598 20243,6970 20243,7428 20243,7887 20615,8258 21072,8258 Z M 21072,8235 C 21517,8235 21878,7874 21878,7428 21878,6983 21517,6621 21072,6621 20627,6621 20266,6983 20266,7428 20266,7874 20627,8235 21072,8235 Z "/>
         <path fill="rgb(186,0,0)" stroke="none" d="M 21072,8235 C 21517,8235 21878,7874 21878,7428 21878,6983 21517,6621 21072,6621 20627,6621 20266,6983 20266,7428 20266,7874 20627,8235 21072,8235 Z M 21072,8212 C 21504,8212 21855,7861 21855,7428 21855,6996 21504,6644 21072,6644 20640,6644 20289,6996 20289,7428 20289,7861 20640,8212 21072,8212 Z "/>
         <path fill="rgb(185,0,0)" stroke="none" d="M 21072,8212 C 21504,8212 21855,7861 21855,7428 21855,6996 21504,6644 21072,6644 20640,6644 20289,6996 20289,7428 20289,7861 20640,8212 21072,8212 Z M 21072,8189 C 21491,8189 21832,7849 21832,7428 21832,7008 21491,6667 21072,6667 20653,6667 20312,7008 20312,7428 20312,7849 20653,8189 21072,8189 Z "/>
         <path fill="rgb(184,0,0)" stroke="none" d="M 21072,8189 C 21491,8189 21832,7849 21832,7428 21832,7008 21491,6667 21072,6667 20653,6667 20312,7008 20312,7428 20312,7849 20653,8189 21072,8189 Z M 21072,8166 C 21479,8166 21809,7836 21809,7428 21809,7021 21479,6690 21072,6690 20665,6690 20335,7021 20335,7428 20335,7836 20665,8166 21072,8166 Z "/>
         <path fill="rgb(183,0,0)" stroke="none" d="M 21072,8166 C 21479,8166 21809,7836 21809,7428 21809,7021 21479,6690 21072,6690 20665,6690 20335,7021 20335,7428 20335,7836 20665,8166 21072,8166 Z M 21072,8143 C 21466,8143 21786,7823 21786,7428 21786,7034 21466,6713 21072,6713 20678,6713 20358,7034 20358,7428 20358,7823 20678,8143 21072,8143 Z "/>
         <path fill="rgb(182,0,0)" stroke="none" d="M 21072,8143 C 21466,8143 21786,7823 21786,7428 21786,7034 21466,6713 21072,6713 20678,6713 20358,7034 20358,7428 20358,7823 20678,8143 21072,8143 Z M 21072,8120 C 21453,8120 21763,7811 21763,7428 21763,7046 21453,6736 21072,6736 20691,6736 20381,7046 20381,7428 20381,7811 20691,8120 21072,8120 Z "/>
         <path fill="rgb(181,0,0)" stroke="none" d="M 21072,8120 C 21453,8120 21763,7811 21763,7428 21763,7046 21453,6736 21072,6736 20691,6736 20381,7046 20381,7428 20381,7811 20691,8120 21072,8120 Z M 21072,8097 C 21440,8097 21740,7798 21740,7428 21740,7059 21440,6759 21072,6759 20704,6759 20404,7059 20404,7428 20404,7798 20704,8097 21072,8097 Z "/>
         <path fill="rgb(180,0,0)" stroke="none" d="M 21072,8097 C 21440,8097 21740,7798 21740,7428 21740,7059 21440,6759 21072,6759 20704,6759 20404,7059 20404,7428 20404,7798 20704,8097 21072,8097 Z M 21072,8073 C 21427,8073 21716,7785 21716,7428 21716,7072 21427,6783 21072,6783 20717,6783 20428,7072 20428,7428 20428,7785 20717,8073 21072,8073 Z "/>
         <path fill="rgb(179,0,0)" stroke="none" d="M 21072,8073 C 21427,8073 21716,7785 21716,7428 21716,7072 21427,6783 21072,6783 20717,6783 20428,7072 20428,7428 20428,7785 20717,8073 21072,8073 Z M 21072,8050 C 21414,8050 21693,7772 21693,7428 21693,7085 21414,6806 21072,6806 20730,6806 20451,7085 20451,7428 20451,7772 20730,8050 21072,8050 Z "/>
         <path fill="rgb(178,0,0)" stroke="none" d="M 21072,8050 C 21414,8050 21693,7772 21693,7428 21693,7085 21414,6806 21072,6806 20730,6806 20451,7085 20451,7428 20451,7772 20730,8050 21072,8050 Z M 21072,8027 C 21402,8027 21670,7759 21670,7428 21670,7098 21402,6829 21072,6829 20742,6829 20474,7098 20474,7428 20474,7759 20742,8027 21072,8027 Z "/>
         <path fill="rgb(177,0,0)" stroke="none" d="M 21072,8027 C 21402,8027 21670,7759 21670,7428 21670,7098 21402,6829 21072,6829 20742,6829 20474,7098 20474,7428 20474,7759 20742,8027 21072,8027 Z M 21072,8004 C 21389,8004 21647,7747 21647,7428 21647,7110 21389,6852 21072,6852 20755,6852 20497,7110 20497,7428 20497,7747 20755,8004 21072,8004 Z "/>
         <path fill="rgb(176,0,0)" stroke="none" d="M 21072,8004 C 21389,8004 21647,7747 21647,7428 21647,7110 21389,6852 21072,6852 20755,6852 20497,7110 20497,7428 20497,7747 20755,8004 21072,8004 Z M 21072,7981 C 21376,7981 21624,7734 21624,7428 21624,7123 21376,6875 21072,6875 20768,6875 20520,7123 20520,7428 20520,7734 20768,7981 21072,7981 Z "/>
         <path fill="rgb(175,0,0)" stroke="none" d="M 21072,7981 C 21376,7981 21624,7734 21624,7428 21624,7123 21376,6875 21072,6875 20768,6875 20520,7123 20520,7428 20520,7734 20768,7981 21072,7981 Z M 21072,7958 C 21364,7958 21601,7721 21601,7428 21601,7136 21364,6898 21072,6898 20780,6898 20543,7136 20543,7428 20543,7721 20780,7958 21072,7958 Z "/>
         <path fill="rgb(174,0,0)" stroke="none" d="M 21072,7958 C 21364,7958 21601,7721 21601,7428 21601,7136 21364,6898 21072,6898 20780,6898 20543,7136 20543,7428 20543,7721 20780,7958 21072,7958 Z M 21072,7935 C 21351,7935 21578,7709 21578,7428 21578,7148 21351,6921 21072,6921 20793,6921 20566,7148 20566,7428 20566,7709 20793,7935 21072,7935 Z "/>
         <path fill="rgb(173,0,0)" stroke="none" d="M 21072,7935 C 21351,7935 21578,7709 21578,7428 21578,7148 21351,6921 21072,6921 20793,6921 20566,7148 20566,7428 20566,7709 20793,7935 21072,7935 Z M 21072,7912 C 21338,7912 21555,7696 21555,7428 21555,7161 21338,6944 21072,6944 20806,6944 20589,7161 20589,7428 20589,7696 20806,7912 21072,7912 Z "/>
         <path fill="rgb(172,0,0)" stroke="none" d="M 21072,7912 C 21338,7912 21555,7696 21555,7428 21555,7161 21338,6944 21072,6944 20806,6944 20589,7161 20589,7428 20589,7696 20806,7912 21072,7912 Z M 21072,7889 C 21326,7889 21532,7683 21532,7428 21532,7174 21326,6967 21072,6967 20818,6967 20612,7174 20612,7428 20612,7683 20818,7889 21072,7889 Z "/>
         <path fill="rgb(171,0,0)" stroke="none" d="M 21072,7889 C 21326,7889 21532,7683 21532,7428 21532,7174 21326,6967 21072,6967 20818,6967 20612,7174 20612,7428 20612,7683 20818,7889 21072,7889 Z M 21072,7866 C 21313,7866 21509,7670 21509,7428 21509,7187 21313,6990 21072,6990 20831,6990 20635,7187 20635,7428 20635,7670 20831,7866 21072,7866 Z "/>
         <path fill="rgb(170,0,0)" stroke="none" d="M 21072,7866 C 21313,7866 21509,7670 21509,7428 21509,7187 21313,6990 21072,6990 20831,6990 20635,7187 20635,7428 20635,7670 20831,7866 21072,7866 Z M 21072,7843 C 21300,7843 21486,7658 21486,7428 21486,7199 21300,7013 21072,7013 20844,7013 20658,7199 20658,7428 20658,7658 20844,7843 21072,7843 Z "/>
         <path fill="rgb(169,0,0)" stroke="none" d="M 21072,7843 C 21300,7843 21486,7658 21486,7428 21486,7199 21300,7013 21072,7013 20844,7013 20658,7199 20658,7428 20658,7658 20844,7843 21072,7843 Z M 21072,7820 C 21287,7820 21463,7645 21463,7428 21463,7212 21287,7036 21072,7036 20857,7036 20681,7212 20681,7428 20681,7645 20857,7820 21072,7820 Z "/>
         <path fill="rgb(168,0,0)" stroke="none" d="M 21072,7820 C 21287,7820 21463,7645 21463,7428 21463,7212 21287,7036 21072,7036 20857,7036 20681,7212 20681,7428 20681,7645 20857,7820 21072,7820 Z M 21072,7797 C 21275,7797 21440,7632 21440,7428 21440,7225 21275,7059 21072,7059 20869,7059 20704,7225 20704,7428 20704,7632 20869,7797 21072,7797 Z "/>
         <path fill="rgb(167,0,0)" stroke="none" d="M 21072,7797 C 21275,7797 21440,7632 21440,7428 21440,7225 21275,7059 21072,7059 20869,7059 20704,7225 20704,7428 20704,7632 20869,7797 21072,7797 Z M 21072,7774 C 21262,7774 21417,7620 21417,7428 21417,7237 21262,7082 21072,7082 20882,7082 20727,7237 20727,7428 20727,7620 20882,7774 21072,7774 Z "/>
         <path fill="rgb(166,0,0)" stroke="none" d="M 21072,7774 C 21262,7774 21417,7620 21417,7428 21417,7237 21262,7082 21072,7082 20882,7082 20727,7237 20727,7428 20727,7620 20882,7774 21072,7774 Z M 21072,7751 C 21249,7751 21394,7607 21394,7428 21394,7250 21249,7105 21072,7105 20895,7105 20750,7250 20750,7428 20750,7607 20895,7751 21072,7751 Z "/>
         <path fill="rgb(165,0,0)" stroke="none" d="M 21072,7751 C 21249,7751 21394,7607 21394,7428 21394,7250 21249,7105 21072,7105 20895,7105 20750,7250 20750,7428 20750,7607 20895,7751 21072,7751 Z M 21072,7728 C 21237,7728 21371,7594 21371,7428 21371,7263 21237,7128 21072,7128 20907,7128 20773,7263 20773,7428 20773,7594 20907,7728 21072,7728 Z "/>
         <path fill="rgb(164,0,0)" stroke="none" d="M 21072,7728 C 21237,7728 21371,7594 21371,7428 21371,7263 21237,7128 21072,7128 20907,7128 20773,7263 20773,7428 20773,7594 20907,7728 21072,7728 Z M 21072,7705 C 21224,7705 21348,7581 21348,7428 21348,7276 21224,7151 21072,7151 20920,7151 20796,7276 20796,7428 20796,7581 20920,7705 21072,7705 Z "/>
         <path fill="rgb(163,0,0)" stroke="none" d="M 21072,7705 C 21224,7705 21348,7581 21348,7428 21348,7276 21224,7151 21072,7151 20920,7151 20796,7276 20796,7428 20796,7581 20920,7705 21072,7705 Z M 21072,7682 C 21211,7682 21325,7569 21325,7428 21325,7288 21211,7174 21072,7174 20933,7174 20819,7288 20819,7428 20819,7569 20933,7682 21072,7682 Z "/>
         <path fill="rgb(162,0,0)" stroke="none" d="M 21072,7682 C 21211,7682 21325,7569 21325,7428 21325,7288 21211,7174 21072,7174 20933,7174 20819,7288 20819,7428 20819,7569 20933,7682 21072,7682 Z M 21072,7659 C 21199,7659 21302,7556 21302,7428 21302,7301 21199,7197 21072,7197 20945,7197 20842,7301 20842,7428 20842,7556 20945,7659 21072,7659 Z "/>
         <path fill="rgb(161,0,0)" stroke="none" d="M 21072,7659 C 21199,7659 21302,7556 21302,7428 21302,7301 21199,7197 21072,7197 20945,7197 20842,7301 20842,7428 20842,7556 20945,7659 21072,7659 Z M 21072,7635 C 21185,7635 21278,7543 21278,7428 21278,7314 21185,7221 21072,7221 20959,7221 20866,7314 20866,7428 20866,7543 20959,7635 21072,7635 Z "/>
         <path fill="rgb(160,0,0)" stroke="none" d="M 21072,7635 C 21185,7635 21278,7543 21278,7428 21278,7314 21185,7221 21072,7221 20959,7221 20866,7314 20866,7428 20866,7543 20959,7635 21072,7635 Z M 21072,7612 C 21173,7612 21255,7530 21255,7428 21255,7327 21173,7244 21072,7244 20971,7244 20889,7327 20889,7428 20889,7530 20971,7612 21072,7612 Z "/>
         <path fill="rgb(159,0,0)" stroke="none" d="M 21072,7612 C 21173,7612 21255,7530 21255,7428 21255,7327 21173,7244 21072,7244 20971,7244 20889,7327 20889,7428 20889,7530 20971,7612 21072,7612 Z M 21072,7589 C 21160,7589 21232,7517 21232,7428 21232,7340 21160,7267 21072,7267 20984,7267 20912,7340 20912,7428 20912,7517 20984,7589 21072,7589 Z "/>
         <path fill="rgb(158,0,0)" stroke="none" d="M 21072,7589 C 21160,7589 21232,7517 21232,7428 21232,7340 21160,7267 21072,7267 20984,7267 20912,7340 20912,7428 20912,7517 20984,7589 21072,7589 Z M 21072,7566 C 21147,7566 21209,7505 21209,7428 21209,7352 21147,7290 21072,7290 20997,7290 20935,7352 20935,7428 20935,7505 20997,7566 21072,7566 Z "/>
         <path fill="rgb(157,0,0)" stroke="none" d="M 21072,7566 C 21147,7566 21209,7505 21209,7428 21209,7352 21147,7290 21072,7290 20997,7290 20935,7352 20935,7428 20935,7505 20997,7566 21072,7566 Z M 21072,7543 C 21134,7543 21186,7492 21186,7428 21186,7365 21134,7313 21072,7313 21010,7313 20958,7365 20958,7428 20958,7492 21010,7543 21072,7543 Z "/>
         <path fill="rgb(156,0,0)" stroke="none" d="M 21072,7543 C 21134,7543 21186,7492 21186,7428 21186,7365 21134,7313 21072,7313 21010,7313 20958,7365 20958,7428 20958,7492 21010,7543 21072,7543 Z M 21072,7520 C 21122,7520 21163,7479 21163,7428 21163,7378 21122,7336 21072,7336 21022,7336 20981,7378 20981,7428 20981,7479 21022,7520 21072,7520 Z "/>
         <path fill="rgb(155,0,0)" stroke="none" d="M 21072,7520 C 21122,7520 21163,7479 21163,7428 21163,7378 21122,7336 21072,7336 21022,7336 20981,7378 20981,7428 20981,7479 21022,7520 21072,7520 Z M 21072,7497 C 21109,7497 21140,7467 21140,7428 21140,7390 21109,7359 21072,7359 21035,7359 21004,7390 21004,7428 21004,7467 21035,7497 21072,7497 Z "/>
         <path fill="rgb(154,0,0)" stroke="none" d="M 21072,7497 C 21109,7497 21140,7467 21140,7428 21140,7390 21109,7359 21072,7359 21035,7359 21004,7390 21004,7428 21004,7467 21035,7497 21072,7497 Z M 21072,7474 C 21096,7474 21117,7454 21117,7428 21117,7403 21096,7382 21072,7382 21048,7382 21027,7403 21027,7428 21027,7454 21048,7474 21072,7474 Z "/>
         <path fill="rgb(153,0,0)" stroke="none" d="M 21072,7474 C 21096,7474 21117,7454 21117,7428 21117,7403 21096,7382 21072,7382 21048,7382 21027,7403 21027,7428 21027,7454 21048,7474 21072,7474 Z M 21072,7451 C 21084,7451 21094,7441 21094,7428 21094,7416 21084,7405 21072,7405 21060,7405 21050,7416 21050,7428 21050,7441 21060,7451 21072,7451 Z "/>
         <path fill="rgb(151,0,0)" stroke="none" d="M 21072,7451 C 21084,7451 21094,7441 21094,7428 21094,7416 21084,7405 21072,7405 21060,7405 21050,7416 21050,7428 21050,7441 21060,7451 21072,7451 Z "/>
        </g>
       </g>
      </pattern>
     </defs>
     <path style="fill:url(#pattern4)" d="M 19356,7470 L 19362,7465 19371,7461 19382,7457 19395,7453 19426,7447 19465,7442 19559,7435 19672,7433 20162,7437 20718,7428 20851,7433 20910,7439 20961,7447 21004,7458 21022,7464 21038,7471 21050,7480 21060,7489 21063,7494 21066,7499 21068,7504 21069,7510 21070,7516 21069,7523 21064,7538 21056,7556 21044,7576 21010,7624 20964,7679 20843,7809 20691,7960 20010,8615 18740,9871 16975,9914 19356,7470 Z "/>
    </g>
   </g>
  </g>
  <g class="com.sun.star.drawing.CustomShape">
   <g id="id9">
    <rect class="BoundingBox" stroke="none" fill="none" x="16938" y="9840" width="3125" height="1052"/>
    <g>
     <defs>
      <linearGradient id="gradient3" x1="20062" y1="10365" x2="16938" y2="10365" gradientUnits="userSpaceOnUse">
       <stop offset="0" style="stop-color:rgb(0,104,142)"/>
       <stop offset="0.5" style="stop-color:rgb(0,148,202)"/>
       <stop offset="1" style="stop-color:rgb(0,175,239)"/>
      </linearGradient>
     </defs>
     <path style="fill:url(#gradient3)" d="M 16938,10014 L 17001,10189 17070,10360 17139,10515 17198,10642 17243,10743 17255,10766 17267,10787 17281,10806 17298,10824 17317,10840 17339,10854 17365,10866 17396,10876 17431,10883 17472,10888 17518,10890 17571,10890 20062,10887 20062,10887 20062,9840 20062,9840 17117,9840 17099,9841 17081,9844 17064,9848 17047,9854 17032,9861 17017,9870 17003,9880 16990,9891 16979,9903 16969,9917 16960,9931 16952,9946 16946,9962 16942,9979 16939,9996 16938,10014 Z "/>
    </g>
   </g>
  </g>
  <g class="Group">
   <g class="com.sun.star.drawing.CustomShape">
    <g id="id10">
     <rect class="BoundingBox" stroke="none" fill="none" x="19998" y="9838" width="1111" height="1788"/>
     <g>
      <defs>
       <pattern id="pattern5" x="19999" y="9838" width="1110" height="1788" patternUnits="userSpaceOnUse">
        <g transform="translate(-19999,-9838)">
         <defs>
          <clipPath id="clip_path_5" clipPathUnits="userSpaceOnUse">
           <path d="M 20003,9843 L 21114,9843 21114,11615 20003,11615 20003,9843 Z "/>
          </clipPath>
         </defs>
         <g clip-path="url(#clip_path_5)">
          <path fill="rgb(0,161,72)" stroke="none" d="M 19998,9837 L 21109,9837 21109,11626 19998,11626 19998,9837 Z M 20554,11760 C 21121,11760 21582,11299 21582,10732 21582,10165 21121,9704 20554,9704 19986,9704 19526,10165 19526,10732 19526,11299 19986,11760 20554,11760 Z "/>
          <path fill="rgb(0,160,72)" stroke="none" d="M 20554,11760 C 21121,11760 21582,11299 21582,10732 21582,10165 21121,9704 20554,9704 19986,9704 19526,10165 19526,10732 19526,11299 19986,11760 20554,11760 Z M 20554,11736 C 21108,11736 21558,11287 21558,10732 21558,10178 21108,9728 20554,9728 19999,9728 19550,10178 19550,10732 19550,11287 19999,11736 20554,11736 Z "/>
          <path fill="rgb(0,159,71)" stroke="none" d="M 20554,11736 C 21108,11736 21558,11287 21558,10732 21558,10178 21108,9728 20554,9728 19999,9728 19550,10178 19550,10732 19550,11287 19999,11736 20554,11736 Z M 20554,11711 C 21094,11711 21533,11273 21533,10732 21533,10192 21094,9753 20554,9753 20013,9753 19575,10192 19575,10732 19575,11273 20013,11711 20554,11711 Z "/>
          <path fill="rgb(0,158,71)" stroke="none" d="M 20554,11711 C 21094,11711 21533,11273 21533,10732 21533,10192 21094,9753 20554,9753 20013,9753 19575,10192 19575,10732 19575,11273 20013,11711 20554,11711 Z M 20554,11687 C 21081,11687 21509,11260 21509,10732 21509,10205 21081,9777 20554,9777 20026,9777 19599,10205 19599,10732 19599,11260 20026,11687 20554,11687 Z "/>
          <path fill="rgb(0,157,70)" stroke="none" d="M 20554,11687 C 21081,11687 21509,11260 21509,10732 21509,10205 21081,9777 20554,9777 20026,9777 19599,10205 19599,10732 19599,11260 20026,11687 20554,11687 Z M 20554,11662 C 21067,11662 21484,11246 21484,10732 21484,10219 21067,9802 20554,9802 20040,9802 19624,10219 19624,10732 19624,11246 20040,11662 20554,11662 Z "/>
          <path fill="rgb(0,156,69)" stroke="none" d="M 20554,11662 C 21067,11662 21484,11246 21484,10732 21484,10219 21067,9802 20554,9802 20040,9802 19624,10219 19624,10732 19624,11246 20040,11662 20554,11662 Z M 20554,11638 C 21054,11638 21460,11233 21460,10732 21460,10232 21054,9826 20554,9826 20053,9826 19648,10232 19648,10732 19648,11233 20053,11638 20554,11638 Z "/>
          <path fill="rgb(0,155,69)" stroke="none" d="M 20554,11638 C 21054,11638 21460,11233 21460,10732 21460,10232 21054,9826 20554,9826 20053,9826 19648,10232 19648,10732 19648,11233 20053,11638 20554,11638 Z M 20553,11613 C 21040,11613 21435,11219 21435,10732 21435,10246 21040,9851 20553,9851 20065,9851 19671,10246 19671,10732 19671,11219 20065,11613 20553,11613 Z "/>
          <path fill="rgb(0,154,68)" stroke="none" d="M 20553,11613 C 21040,11613 21435,11219 21435,10732 21435,10246 21040,9851 20553,9851 20065,9851 19671,10246 19671,10732 19671,11219 20065,11613 20553,11613 Z M 20554,11589 C 21027,11589 21411,11206 21411,10732 21411,10259 21027,9875 20554,9875 20080,9875 19697,10259 19697,10732 19697,11206 20080,11589 20554,11589 Z "/>
          <path fill="rgb(0,153,67)" stroke="none" d="M 20554,11589 C 21027,11589 21411,11206 21411,10732 21411,10259 21027,9875 20554,9875 20080,9875 19697,10259 19697,10732 19697,11206 20080,11589 20554,11589 Z M 20553,11564 C 21013,11564 21386,11192 21386,10732 21386,10273 21013,9900 20553,9900 20092,9900 19720,10273 19720,10732 19720,11192 20092,11564 20553,11564 Z "/>
          <path fill="rgb(0,152,67)" stroke="none" d="M 20553,11564 C 21013,11564 21386,11192 21386,10732 21386,10273 21013,9900 20553,9900 20092,9900 19720,10273 19720,10732 19720,11192 20092,11564 20553,11564 Z M 20554,11540 C 21000,11540 21362,11179 21362,10732 21362,10286 21000,9924 20554,9924 20107,9924 19746,10286 19746,10732 19746,11179 20107,11540 20554,11540 Z "/>
          <path fill="rgb(0,151,66)" stroke="none" d="M 20554,11540 C 21000,11540 21362,11179 21362,10732 21362,10286 21000,9924 20554,9924 20107,9924 19746,10286 19746,10732 19746,11179 20107,11540 20554,11540 Z M 20553,11515 C 20985,11515 21337,11165 21337,10732 21337,10300 20985,9949 20553,9949 20120,9949 19769,10300 19769,10732 19769,11165 20120,11515 20553,11515 Z "/>
          <path fill="rgb(0,150,66)" stroke="none" d="M 20553,11515 C 20985,11515 21337,11165 21337,10732 21337,10300 20985,9949 20553,9949 20120,9949 19769,10300 19769,10732 19769,11165 20120,11515 20553,11515 Z M 20554,11491 C 20973,11491 21313,11152 21313,10732 21313,10313 20973,9973 20554,9973 20134,9973 19795,10313 19795,10732 19795,11152 20134,11491 20554,11491 Z "/>
          <path fill="rgb(0,149,65)" stroke="none" d="M 20554,11491 C 20973,11491 21313,11152 21313,10732 21313,10313 20973,9973 20554,9973 20134,9973 19795,10313 19795,10732 19795,11152 20134,11491 20554,11491 Z M 20553,11466 C 20958,11466 21288,11138 21288,10732 21288,10327 20958,9998 20553,9998 20147,9998 19818,10327 19818,10732 19818,11138 20147,11466 20553,11466 Z "/>
          <path fill="rgb(0,148,64)" stroke="none" d="M 20553,11466 C 20958,11466 21288,11138 21288,10732 21288,10327 20958,9998 20553,9998 20147,9998 19818,10327 19818,10732 19818,11138 20147,11466 20553,11466 Z M 20554,11442 C 20946,11442 21264,11125 21264,10732 21264,10340 20946,10022 20554,10022 20161,10022 19844,10340 19844,10732 19844,11125 20161,11442 20554,11442 Z "/>
          <path fill="rgb(0,147,64)" stroke="none" d="M 20554,11442 C 20946,11442 21264,11125 21264,10732 21264,10340 20946,10022 20554,10022 20161,10022 19844,10340 19844,10732 19844,11125 20161,11442 20554,11442 Z M 20553,11417 C 20931,11417 21239,11111 21239,10732 21239,10354 20931,10047 20553,10047 20174,10047 19867,10354 19867,10732 19867,11111 20174,11417 20553,11417 Z "/>
          <path fill="rgb(0,146,63)" stroke="none" d="M 20553,11417 C 20931,11417 21239,11111 21239,10732 21239,10354 20931,10047 20553,10047 20174,10047 19867,10354 19867,10732 19867,11111 20174,11417 20553,11417 Z M 20554,11393 C 20919,11393 21215,11098 21215,10732 21215,10367 20919,10071 20554,10071 20188,10071 19893,10367 19893,10732 19893,11098 20188,11393 20554,11393 Z "/>
          <path fill="rgb(0,145,62)" stroke="none" d="M 20554,11393 C 20919,11393 21215,11098 21215,10732 21215,10367 20919,10071 20554,10071 20188,10071 19893,10367 19893,10732 19893,11098 20188,11393 20554,11393 Z M 20553,11368 C 20904,11368 21190,11084 21190,10732 21190,10381 20904,10096 20553,10096 20201,10096 19916,10381 19916,10732 19916,11084 20201,11368 20553,11368 Z "/>
          <path fill="rgb(0,144,62)" stroke="none" d="M 20553,11368 C 20904,11368 21190,11084 21190,10732 21190,10381 20904,10096 20553,10096 20201,10096 19916,10381 19916,10732 19916,11084 20201,11368 20553,11368 Z M 20554,11344 C 20891,11344 21166,11070 21166,10732 21166,10395 20891,10120 20554,10120 20216,10120 19942,10395 19942,10732 19942,11070 20216,11344 20554,11344 Z "/>
          <path fill="rgb(0,143,61)" stroke="none" d="M 20554,11344 C 20891,11344 21166,11070 21166,10732 21166,10395 20891,10120 20554,10120 20216,10120 19942,10395 19942,10732 19942,11070 20216,11344 20554,11344 Z M 20553,11319 C 20877,11319 21141,11057 21141,10732 21141,10408 20877,10145 20553,10145 20228,10145 19965,10408 19965,10732 19965,11057 20228,11319 20553,11319 Z "/>
          <path fill="rgb(0,142,61)" stroke="none" d="M 20553,11319 C 20877,11319 21141,11057 21141,10732 21141,10408 20877,10145 20553,10145 20228,10145 19965,10408 19965,10732 19965,11057 20228,11319 20553,11319 Z M 20554,11295 C 20864,11295 21117,11043 21117,10732 21117,10422 20864,10169 20554,10169 20243,10169 19991,10422 19991,10732 19991,11043 20243,11295 20554,11295 Z "/>
          <path fill="rgb(0,141,60)" stroke="none" d="M 20554,11295 C 20864,11295 21117,11043 21117,10732 21117,10422 20864,10169 20554,10169 20243,10169 19991,10422 19991,10732 19991,11043 20243,11295 20554,11295 Z M 20553,11272 C 20850,11272 21092,11031 21092,10733 21092,10436 20850,10194 20553,10194 20255,10194 20014,10436 20014,10733 20014,11031 20255,11272 20553,11272 Z "/>
          <path fill="rgb(0,140,59)" stroke="none" d="M 20553,11272 C 20850,11272 21092,11031 21092,10733 21092,10436 20850,10194 20553,10194 20255,10194 20014,10436 20014,10733 20014,11031 20255,11272 20553,11272 Z M 20554,11246 C 20837,11246 21068,11016 21068,10732 21068,10449 20837,10218 20554,10218 20270,10218 20040,10449 20040,10732 20040,11016 20270,11246 20554,11246 Z "/>
          <path fill="rgb(0,139,59)" stroke="none" d="M 20554,11246 C 20837,11246 21068,11016 21068,10732 21068,10449 20837,10218 20554,10218 20270,10218 20040,10449 20040,10732 20040,11016 20270,11246 20554,11246 Z M 20553,11223 C 20823,11223 21043,11004 21043,10733 21043,10463 20823,10243 20553,10243 20282,10243 20063,10463 20063,10733 20063,11004 20282,11223 20553,11223 Z "/>
          <path fill="rgb(0,138,58)" stroke="none" d="M 20553,11223 C 20823,11223 21043,11004 21043,10733 21043,10463 20823,10243 20553,10243 20282,10243 20063,10463 20063,10733 20063,11004 20282,11223 20553,11223 Z M 20554,11197 C 20810,11197 21019,10989 21019,10732 21019,10476 20810,10267 20554,10267 20297,10267 20089,10476 20089,10732 20089,10989 20297,11197 20554,11197 Z "/>
          <path fill="rgb(0,137,57)" stroke="none" d="M 20554,11197 C 20810,11197 21019,10989 21019,10732 21019,10476 20810,10267 20554,10267 20297,10267 20089,10476 20089,10732 20089,10989 20297,11197 20554,11197 Z M 20553,11174 C 20796,11174 20994,10977 20994,10733 20994,10490 20796,10292 20553,10292 20309,10292 20112,10490 20112,10733 20112,10977 20309,11174 20553,11174 Z "/>
          <path fill="rgb(0,136,57)" stroke="none" d="M 20553,11174 C 20796,11174 20994,10977 20994,10733 20994,10490 20796,10292 20553,10292 20309,10292 20112,10490 20112,10733 20112,10977 20309,11174 20553,11174 Z M 20554,11148 C 20783,11148 20970,10962 20970,10732 20970,10503 20783,10316 20554,10316 20324,10316 20138,10503 20138,10732 20138,10962 20324,11148 20554,11148 Z "/>
          <path fill="rgb(0,135,56)" stroke="none" d="M 20554,11148 C 20783,11148 20970,10962 20970,10732 20970,10503 20783,10316 20554,10316 20324,10316 20138,10503 20138,10732 20138,10962 20324,11148 20554,11148 Z M 20553,11125 C 20769,11125 20945,10950 20945,10733 20945,10517 20769,10341 20553,10341 20336,10341 20161,10517 20161,10733 20161,10950 20336,11125 20553,11125 Z "/>
          <path fill="rgb(0,134,56)" stroke="none" d="M 20553,11125 C 20769,11125 20945,10950 20945,10733 20945,10517 20769,10341 20553,10341 20336,10341 20161,10517 20161,10733 20161,10950 20336,11125 20553,11125 Z M 20554,11099 C 20756,11099 20921,10935 20921,10732 20921,10530 20756,10365 20554,10365 20351,10365 20187,10530 20187,10732 20187,10935 20351,11099 20554,11099 Z "/>
          <path fill="rgb(0,133,55)" stroke="none" d="M 20554,11099 C 20756,11099 20921,10935 20921,10732 20921,10530 20756,10365 20554,10365 20351,10365 20187,10530 20187,10732 20187,10935 20351,11099 20554,11099 Z M 20553,11076 C 20742,11076 20896,10923 20896,10733 20896,10544 20742,10390 20553,10390 20363,10390 20210,10544 20210,10733 20210,10923 20363,11076 20553,11076 Z "/>
          <path fill="rgb(0,132,54)" stroke="none" d="M 20553,11076 C 20742,11076 20896,10923 20896,10733 20896,10544 20742,10390 20553,10390 20363,10390 20210,10544 20210,10733 20210,10923 20363,11076 20553,11076 Z M 20554,11050 C 20729,11050 20872,10908 20872,10732 20872,10557 20729,10414 20554,10414 20378,10414 20236,10557 20236,10732 20236,10908 20378,11050 20554,11050 Z "/>
          <path fill="rgb(0,131,54)" stroke="none" d="M 20554,11050 C 20729,11050 20872,10908 20872,10732 20872,10557 20729,10414 20554,10414 20378,10414 20236,10557 20236,10732 20236,10908 20378,11050 20554,11050 Z M 20553,11027 C 20715,11027 20847,10896 20847,10733 20847,10571 20715,10439 20553,10439 20390,10439 20259,10571 20259,10733 20259,10896 20390,11027 20553,11027 Z "/>
          <path fill="rgb(0,130,53)" stroke="none" d="M 20553,11027 C 20715,11027 20847,10896 20847,10733 20847,10571 20715,10439 20553,10439 20390,10439 20259,10571 20259,10733 20259,10896 20390,11027 20553,11027 Z M 20554,11001 C 20702,11001 20823,10881 20823,10732 20823,10584 20702,10463 20554,10463 20405,10463 20285,10584 20285,10732 20285,10881 20405,11001 20554,11001 Z "/>
          <path fill="rgb(0,129,52)" stroke="none" d="M 20554,11001 C 20702,11001 20823,10881 20823,10732 20823,10584 20702,10463 20554,10463 20405,10463 20285,10584 20285,10732 20285,10881 20405,11001 20554,11001 Z M 20553,10978 C 20688,10978 20798,10869 20798,10733 20798,10598 20688,10488 20553,10488 20417,10488 20308,10598 20308,10733 20308,10869 20417,10978 20553,10978 Z "/>
          <path fill="rgb(0,128,52)" stroke="none" d="M 20553,10978 C 20688,10978 20798,10869 20798,10733 20798,10598 20688,10488 20553,10488 20417,10488 20308,10598 20308,10733 20308,10869 20417,10978 20553,10978 Z M 20554,10952 C 20675,10952 20774,10854 20774,10732 20774,10611 20675,10512 20554,10512 20432,10512 20334,10611 20334,10732 20334,10854 20432,10952 20554,10952 Z "/>
          <path fill="rgb(0,127,51)" stroke="none" d="M 20554,10952 C 20675,10952 20774,10854 20774,10732 20774,10611 20675,10512 20554,10512 20432,10512 20334,10611 20334,10732 20334,10854 20432,10952 20554,10952 Z M 20553,10929 C 20661,10929 20749,10842 20749,10733 20749,10625 20661,10537 20553,10537 20444,10537 20357,10625 20357,10733 20357,10842 20444,10929 20553,10929 Z "/>
          <path fill="rgb(0,126,51)" stroke="none" d="M 20553,10929 C 20661,10929 20749,10842 20749,10733 20749,10625 20661,10537 20553,10537 20444,10537 20357,10625 20357,10733 20357,10842 20444,10929 20553,10929 Z M 20554,10903 C 20648,10903 20725,10827 20725,10732 20725,10638 20648,10561 20554,10561 20459,10561 20383,10638 20383,10732 20383,10827 20459,10903 20554,10903 Z "/>
          <path fill="rgb(0,125,50)" stroke="none" d="M 20554,10903 C 20648,10903 20725,10827 20725,10732 20725,10638 20648,10561 20554,10561 20459,10561 20383,10638 20383,10732 20383,10827 20459,10903 20554,10903 Z M 20553,10880 C 20634,10880 20700,10815 20700,10733 20700,10652 20634,10586 20553,10586 20471,10586 20406,10652 20406,10733 20406,10815 20471,10880 20553,10880 Z "/>
          <path fill="rgb(0,124,49)" stroke="none" d="M 20553,10880 C 20634,10880 20700,10815 20700,10733 20700,10652 20634,10586 20553,10586 20471,10586 20406,10652 20406,10733 20406,10815 20471,10880 20553,10880 Z M 20554,10854 C 20621,10854 20676,10800 20676,10732 20676,10665 20621,10610 20554,10610 20486,10610 20432,10665 20432,10732 20432,10800 20486,10854 20554,10854 Z "/>
          <path fill="rgb(0,123,49)" stroke="none" d="M 20554,10854 C 20621,10854 20676,10800 20676,10732 20676,10665 20621,10610 20554,10610 20486,10610 20432,10665 20432,10732 20432,10800 20486,10854 20554,10854 Z M 20553,10831 C 20607,10831 20651,10788 20651,10733 20651,10679 20607,10635 20553,10635 20498,10635 20455,10679 20455,10733 20455,10788 20498,10831 20553,10831 Z "/>
          <path fill="rgb(0,122,48)" stroke="none" d="M 20553,10831 C 20607,10831 20651,10788 20651,10733 20651,10679 20607,10635 20553,10635 20498,10635 20455,10679 20455,10733 20455,10788 20498,10831 20553,10831 Z M 20554,10805 C 20594,10805 20627,10773 20627,10732 20627,10692 20594,10659 20554,10659 20513,10659 20481,10692 20481,10732 20481,10773 20513,10805 20554,10805 Z "/>
          <path fill="rgb(0,121,47)" stroke="none" d="M 20554,10805 C 20594,10805 20627,10773 20627,10732 20627,10692 20594,10659 20554,10659 20513,10659 20481,10692 20481,10732 20481,10773 20513,10805 20554,10805 Z M 20553,10782 C 20580,10782 20602,10761 20602,10733 20602,10706 20580,10684 20553,10684 20525,10684 20504,10706 20504,10733 20504,10761 20525,10782 20553,10782 Z "/>
          <path fill="rgb(0,120,47)" stroke="none" d="M 20553,10782 C 20580,10782 20602,10761 20602,10733 20602,10706 20580,10684 20553,10684 20525,10684 20504,10706 20504,10733 20504,10761 20525,10782 20553,10782 Z M 20554,10756 C 20567,10756 20578,10746 20578,10732 20578,10719 20567,10708 20554,10708 20540,10708 20530,10719 20530,10732 20530,10746 20540,10756 20554,10756 Z "/>
          <path fill="rgb(0,118,45)" stroke="none" d="M 20554,10756 C 20567,10756 20578,10746 20578,10732 20578,10719 20567,10708 20554,10708 20540,10708 20530,10719 20530,10732 20530,10746 20540,10756 20554,10756 Z "/>
         </g>
        </g>
       </pattern>
      </defs>
      <path style="fill:url(#pattern5)" d="M 20183,11624 L 20923,11624 20923,11624 20935,11624 20947,11622 20959,11620 20971,11618 20982,11614 20994,11610 21005,11605 21015,11599 21026,11593 21036,11586 21045,11578 21054,11570 21062,11561 21070,11552 21077,11542 21083,11532 21089,11521 21094,11510 21098,11499 21102,11487 21104,11475 21106,11463 21107,11451 21108,11439 21108,11439 21108,9838 21108,9838 19999,9838 19999,9838 19999,11440 19999,11440 19999,11452 20001,11464 20003,11476 20005,11488 20009,11499 20013,11511 20018,11522 20024,11532 20030,11543 20037,11553 20045,11562 20053,11571 20062,11579 20071,11587 20081,11594 20091,11600 20102,11606 20113,11611 20124,11615 20136,11619 20148,11621 20160,11623 20172,11624 20184,11625 20183,11624 Z "/>
     </g>
    </g>
   </g>
   <g class="com.sun.star.drawing.CustomShape">
    <g id="id11">
     <rect class="BoundingBox" stroke="none" fill="none" x="19997" y="9840" width="1693" height="1048"/>
     <g>
      <defs>
       <pattern id="pattern6" x="19997" y="9840" width="1693" height="1048" patternUnits="userSpaceOnUse">
        <g transform="translate(-19997,-9840)">
         <defs>
          <clipPath id="clip_path_6" clipPathUnits="userSpaceOnUse">
           <path d="M 20003,9843 L 21696,9843 21696,10874 20003,10874 20003,9843 Z "/>
          </clipPath>
         </defs>
         <g clip-path="url(#clip_path_6)">
          <path fill="rgb(0,161,72)" stroke="none" d="M 19996,9839 L 21690,9839 21690,10888 19996,10888 19996,9839 Z M 20842,11338 C 21379,11338 21815,10903 21815,10365 21815,9828 21379,9392 20842,9392 20305,9392 19869,9828 19869,10365 19869,10903 20305,11338 20842,11338 Z "/>
          <path fill="rgb(0,160,72)" stroke="none" d="M 20842,11338 C 21379,11338 21815,10903 21815,10365 21815,9828 21379,9392 20842,9392 20305,9392 19869,9828 19869,10365 19869,10903 20305,11338 20842,11338 Z M 20842,11315 C 21366,11315 21792,10890 21792,10365 21792,9841 21366,9415 20842,9415 20318,9415 19892,9841 19892,10365 19892,10890 20318,11315 20842,11315 Z "/>
          <path fill="rgb(0,159,71)" stroke="none" d="M 20842,11315 C 21366,11315 21792,10890 21792,10365 21792,9841 21366,9415 20842,9415 20318,9415 19892,9841 19892,10365 19892,10890 20318,11315 20842,11315 Z M 20842,11292 C 21353,11292 21769,10877 21769,10365 21769,9854 21353,9438 20842,9438 20330,9438 19915,9854 19915,10365 19915,10877 20330,11292 20842,11292 Z "/>
          <path fill="rgb(0,158,71)" stroke="none" d="M 20842,11292 C 21353,11292 21769,10877 21769,10365 21769,9854 21353,9438 20842,9438 20330,9438 19915,9854 19915,10365 19915,10877 20330,11292 20842,11292 Z M 20842,11269 C 21341,11269 21746,10865 21746,10365 21746,9866 21341,9461 20842,9461 20342,9461 19938,9866 19938,10365 19938,10865 20342,11269 20842,11269 Z "/>
          <path fill="rgb(0,157,70)" stroke="none" d="M 20842,11269 C 21341,11269 21746,10865 21746,10365 21746,9866 21341,9461 20842,9461 20342,9461 19938,9866 19938,10365 19938,10865 20342,11269 20842,11269 Z M 20842,11246 C 21328,11246 21723,10852 21723,10365 21723,9879 21328,9484 20842,9484 20355,9484 19961,9879 19961,10365 19961,10852 20355,11246 20842,11246 Z "/>
          <path fill="rgb(0,156,69)" stroke="none" d="M 20842,11246 C 21328,11246 21723,10852 21723,10365 21723,9879 21328,9484 20842,9484 20355,9484 19961,9879 19961,10365 19961,10852 20355,11246 20842,11246 Z M 20842,11222 C 21315,11222 21699,10839 21699,10365 21699,9892 21315,9508 20842,9508 20368,9508 19985,9892 19985,10365 19985,10839 20368,11222 20842,11222 Z "/>
          <path fill="rgb(0,155,69)" stroke="none" d="M 20842,11222 C 21315,11222 21699,10839 21699,10365 21699,9892 21315,9508 20842,9508 20368,9508 19985,9892 19985,10365 19985,10839 20368,11222 20842,11222 Z M 20842,11199 C 21302,11199 21676,10826 21676,10365 21676,9905 21302,9531 20842,9531 20381,9531 20008,9905 20008,10365 20008,10826 20381,11199 20842,11199 Z "/>
          <path fill="rgb(0,154,68)" stroke="none" d="M 20842,11199 C 21302,11199 21676,10826 21676,10365 21676,9905 21302,9531 20842,9531 20381,9531 20008,9905 20008,10365 20008,10826 20381,11199 20842,11199 Z M 20842,11176 C 21289,11176 21653,10813 21653,10365 21653,9918 21289,9554 20842,9554 20394,9554 20031,9918 20031,10365 20031,10813 20394,11176 20842,11176 Z "/>
          <path fill="rgb(0,153,67)" stroke="none" d="M 20842,11176 C 21289,11176 21653,10813 21653,10365 21653,9918 21289,9554 20842,9554 20394,9554 20031,9918 20031,10365 20031,10813 20394,11176 20842,11176 Z M 20842,11153 C 21277,11153 21630,10801 21630,10365 21630,9930 21277,9577 20842,9577 20406,9577 20054,9930 20054,10365 20054,10801 20406,11153 20842,11153 Z "/>
          <path fill="rgb(0,152,67)" stroke="none" d="M 20842,11153 C 21277,11153 21630,10801 21630,10365 21630,9930 21277,9577 20842,9577 20406,9577 20054,9930 20054,10365 20054,10801 20406,11153 20842,11153 Z M 20842,11130 C 21264,11130 21607,10788 21607,10365 21607,9943 21264,9600 20842,9600 20419,9600 20077,9943 20077,10365 20077,10788 20419,11130 20842,11130 Z "/>
          <path fill="rgb(0,151,66)" stroke="none" d="M 20842,11130 C 21264,11130 21607,10788 21607,10365 21607,9943 21264,9600 20842,9600 20419,9600 20077,9943 20077,10365 20077,10788 20419,11130 20842,11130 Z M 20842,11106 C 21251,11106 21583,10775 21583,10365 21583,9956 21251,9624 20842,9624 20432,9624 20101,9956 20101,10365 20101,10775 20432,11106 20842,11106 Z "/>
          <path fill="rgb(0,150,66)" stroke="none" d="M 20842,11106 C 21251,11106 21583,10775 21583,10365 21583,9956 21251,9624 20842,9624 20432,9624 20101,9956 20101,10365 20101,10775 20432,11106 20842,11106 Z M 20842,11083 C 21238,11083 21560,10762 21560,10365 21560,9969 21238,9647 20842,9647 20445,9647 20124,9969 20124,10365 20124,10762 20445,11083 20842,11083 Z "/>
          <path fill="rgb(0,149,65)" stroke="none" d="M 20842,11083 C 21238,11083 21560,10762 21560,10365 21560,9969 21238,9647 20842,9647 20445,9647 20124,9969 20124,10365 20124,10762 20445,11083 20842,11083 Z M 20842,11060 C 21225,11060 21537,10749 21537,10365 21537,9982 21225,9670 20842,9670 20458,9670 20147,9982 20147,10365 20147,10749 20458,11060 20842,11060 Z "/>
          <path fill="rgb(0,148,64)" stroke="none" d="M 20842,11060 C 21225,11060 21537,10749 21537,10365 21537,9982 21225,9670 20842,9670 20458,9670 20147,9982 20147,10365 20147,10749 20458,11060 20842,11060 Z M 20842,11037 C 21213,11037 21514,10737 21514,10365 21514,9994 21213,9693 20842,9693 20470,9693 20170,9994 20170,10365 20170,10737 20470,11037 20842,11037 Z "/>
          <path fill="rgb(0,147,64)" stroke="none" d="M 20842,11037 C 21213,11037 21514,10737 21514,10365 21514,9994 21213,9693 20842,9693 20470,9693 20170,9994 20170,10365 20170,10737 20470,11037 20842,11037 Z M 20842,11014 C 21200,11014 21491,10724 21491,10365 21491,10007 21200,9716 20842,9716 20483,9716 20193,10007 20193,10365 20193,10724 20483,11014 20842,11014 Z "/>
          <path fill="rgb(0,146,63)" stroke="none" d="M 20842,11014 C 21200,11014 21491,10724 21491,10365 21491,10007 21200,9716 20842,9716 20483,9716 20193,10007 20193,10365 20193,10724 20483,11014 20842,11014 Z M 20842,10991 C 21187,10991 21468,10711 21468,10365 21468,10020 21187,9739 20842,9739 20496,9739 20216,10020 20216,10365 20216,10711 20496,10991 20842,10991 Z "/>
          <path fill="rgb(0,145,62)" stroke="none" d="M 20842,10991 C 21187,10991 21468,10711 21468,10365 21468,10020 21187,9739 20842,9739 20496,9739 20216,10020 20216,10365 20216,10711 20496,10991 20842,10991 Z M 20842,10967 C 21174,10967 21444,10698 21444,10365 21444,10033 21174,9763 20842,9763 20509,9763 20240,10033 20240,10365 20240,10698 20509,10967 20842,10967 Z "/>
          <path fill="rgb(0,144,62)" stroke="none" d="M 20842,10967 C 21174,10967 21444,10698 21444,10365 21444,10033 21174,9763 20842,9763 20509,9763 20240,10033 20240,10365 20240,10698 20509,10967 20842,10967 Z M 20842,10944 C 21161,10944 21421,10685 21421,10365 21421,10046 21161,9786 20842,9786 20522,9786 20263,10046 20263,10365 20263,10685 20522,10944 20842,10944 Z "/>
          <path fill="rgb(0,143,61)" stroke="none" d="M 20842,10944 C 21161,10944 21421,10685 21421,10365 21421,10046 21161,9786 20842,9786 20522,9786 20263,10046 20263,10365 20263,10685 20522,10944 20842,10944 Z M 20842,10921 C 21149,10921 21398,10673 21398,10365 21398,10058 21149,9809 20842,9809 20534,9809 20286,10058 20286,10365 20286,10673 20534,10921 20842,10921 Z "/>
          <path fill="rgb(0,142,61)" stroke="none" d="M 20842,10921 C 21149,10921 21398,10673 21398,10365 21398,10058 21149,9809 20842,9809 20534,9809 20286,10058 20286,10365 20286,10673 20534,10921 20842,10921 Z M 20842,10898 C 21136,10898 21375,10660 21375,10365 21375,10071 21136,9832 20842,9832 20547,9832 20309,10071 20309,10365 20309,10660 20547,10898 20842,10898 Z "/>
          <path fill="rgb(0,141,60)" stroke="none" d="M 20842,10898 C 21136,10898 21375,10660 21375,10365 21375,10071 21136,9832 20842,9832 20547,9832 20309,10071 20309,10365 20309,10660 20547,10898 20842,10898 Z M 20842,10875 C 21123,10875 21352,10647 21352,10365 21352,10084 21123,9855 20842,9855 20560,9855 20332,10084 20332,10365 20332,10647 20560,10875 20842,10875 Z "/>
          <path fill="rgb(0,140,59)" stroke="none" d="M 20842,10875 C 21123,10875 21352,10647 21352,10365 21352,10084 21123,9855 20842,9855 20560,9855 20332,10084 20332,10365 20332,10647 20560,10875 20842,10875 Z M 20842,10851 C 21110,10851 21328,10634 21328,10365 21328,10097 21110,9879 20842,9879 20573,9879 20356,10097 20356,10365 20356,10634 20573,10851 20842,10851 Z "/>
          <path fill="rgb(0,139,59)" stroke="none" d="M 20842,10851 C 21110,10851 21328,10634 21328,10365 21328,10097 21110,9879 20842,9879 20573,9879 20356,10097 20356,10365 20356,10634 20573,10851 20842,10851 Z M 20842,10828 C 21097,10828 21305,10621 21305,10365 21305,10110 21097,9902 20842,9902 20586,9902 20379,10110 20379,10365 20379,10621 20586,10828 20842,10828 Z "/>
          <path fill="rgb(0,138,58)" stroke="none" d="M 20842,10828 C 21097,10828 21305,10621 21305,10365 21305,10110 21097,9902 20842,9902 20586,9902 20379,10110 20379,10365 20379,10621 20586,10828 20842,10828 Z M 20842,10805 C 21085,10805 21282,10609 21282,10365 21282,10122 21085,9925 20842,9925 20598,9925 20402,10122 20402,10365 20402,10609 20598,10805 20842,10805 Z "/>
          <path fill="rgb(0,137,57)" stroke="none" d="M 20842,10805 C 21085,10805 21282,10609 21282,10365 21282,10122 21085,9925 20842,9925 20598,9925 20402,10122 20402,10365 20402,10609 20598,10805 20842,10805 Z M 20842,10782 C 21072,10782 21259,10596 21259,10365 21259,10135 21072,9948 20842,9948 20611,9948 20425,10135 20425,10365 20425,10596 20611,10782 20842,10782 Z "/>
          <path fill="rgb(0,136,57)" stroke="none" d="M 20842,10782 C 21072,10782 21259,10596 21259,10365 21259,10135 21072,9948 20842,9948 20611,9948 20425,10135 20425,10365 20425,10596 20611,10782 20842,10782 Z M 20842,10759 C 21059,10759 21236,10583 21236,10365 21236,10148 21059,9971 20842,9971 20624,9971 20448,10148 20448,10365 20448,10583 20624,10759 20842,10759 Z "/>
          <path fill="rgb(0,135,56)" stroke="none" d="M 20842,10759 C 21059,10759 21236,10583 21236,10365 21236,10148 21059,9971 20842,9971 20624,9971 20448,10148 20448,10365 20448,10583 20624,10759 20842,10759 Z M 20842,10735 C 21046,10735 21212,10570 21212,10365 21212,10161 21046,9995 20842,9995 20637,9995 20472,10161 20472,10365 20472,10570 20637,10735 20842,10735 Z "/>
          <path fill="rgb(0,134,56)" stroke="none" d="M 20842,10735 C 21046,10735 21212,10570 21212,10365 21212,10161 21046,9995 20842,9995 20637,9995 20472,10161 20472,10365 20472,10570 20637,10735 20842,10735 Z M 20842,10712 C 21033,10712 21189,10557 21189,10365 21189,10174 21033,10018 20842,10018 20650,10018 20495,10174 20495,10365 20495,10557 20650,10712 20842,10712 Z "/>
          <path fill="rgb(0,133,55)" stroke="none" d="M 20842,10712 C 21033,10712 21189,10557 21189,10365 21189,10174 21033,10018 20842,10018 20650,10018 20495,10174 20495,10365 20495,10557 20650,10712 20842,10712 Z M 20842,10689 C 21020,10689 21166,10544 21166,10365 21166,10187 21020,10041 20842,10041 20663,10041 20518,10187 20518,10365 20518,10544 20663,10689 20842,10689 Z "/>
          <path fill="rgb(0,132,54)" stroke="none" d="M 20842,10689 C 21020,10689 21166,10544 21166,10365 21166,10187 21020,10041 20842,10041 20663,10041 20518,10187 20518,10365 20518,10544 20663,10689 20842,10689 Z M 20842,10666 C 21008,10666 21143,10532 21143,10365 21143,10199 21008,10064 20842,10064 20675,10064 20541,10199 20541,10365 20541,10532 20675,10666 20842,10666 Z "/>
          <path fill="rgb(0,131,54)" stroke="none" d="M 20842,10666 C 21008,10666 21143,10532 21143,10365 21143,10199 21008,10064 20842,10064 20675,10064 20541,10199 20541,10365 20541,10532 20675,10666 20842,10666 Z M 20842,10643 C 20995,10643 21120,10519 21120,10365 21120,10212 20995,10087 20842,10087 20688,10087 20564,10212 20564,10365 20564,10519 20688,10643 20842,10643 Z "/>
          <path fill="rgb(0,130,53)" stroke="none" d="M 20842,10643 C 20995,10643 21120,10519 21120,10365 21120,10212 20995,10087 20842,10087 20688,10087 20564,10212 20564,10365 20564,10519 20688,10643 20842,10643 Z M 20842,10620 C 20982,10620 21097,10506 21097,10365 21097,10225 20982,10110 20842,10110 20701,10110 20587,10225 20587,10365 20587,10506 20701,10620 20842,10620 Z "/>
          <path fill="rgb(0,129,52)" stroke="none" d="M 20842,10620 C 20982,10620 21097,10506 21097,10365 21097,10225 20982,10110 20842,10110 20701,10110 20587,10225 20587,10365 20587,10506 20701,10620 20842,10620 Z M 20842,10596 C 20969,10596 21073,10493 21073,10365 21073,10238 20969,10134 20842,10134 20714,10134 20611,10238 20611,10365 20611,10493 20714,10596 20842,10596 Z "/>
          <path fill="rgb(0,128,52)" stroke="none" d="M 20842,10596 C 20969,10596 21073,10493 21073,10365 21073,10238 20969,10134 20842,10134 20714,10134 20611,10238 20611,10365 20611,10493 20714,10596 20842,10596 Z M 20842,10573 C 20956,10573 21050,10480 21050,10365 21050,10251 20956,10157 20842,10157 20727,10157 20634,10251 20634,10365 20634,10480 20727,10573 20842,10573 Z "/>
          <path fill="rgb(0,127,51)" stroke="none" d="M 20842,10573 C 20956,10573 21050,10480 21050,10365 21050,10251 20956,10157 20842,10157 20727,10157 20634,10251 20634,10365 20634,10480 20727,10573 20842,10573 Z M 20842,10550 C 20944,10550 21027,10468 21027,10365 21027,10263 20944,10180 20842,10180 20739,10180 20657,10263 20657,10365 20657,10468 20739,10550 20842,10550 Z "/>
          <path fill="rgb(0,126,51)" stroke="none" d="M 20842,10550 C 20944,10550 21027,10468 21027,10365 21027,10263 20944,10180 20842,10180 20739,10180 20657,10263 20657,10365 20657,10468 20739,10550 20842,10550 Z M 20842,10527 C 20931,10527 21004,10455 21004,10365 21004,10276 20931,10203 20842,10203 20752,10203 20680,10276 20680,10365 20680,10455 20752,10527 20842,10527 Z "/>
          <path fill="rgb(0,125,50)" stroke="none" d="M 20842,10527 C 20931,10527 21004,10455 21004,10365 21004,10276 20931,10203 20842,10203 20752,10203 20680,10276 20680,10365 20680,10455 20752,10527 20842,10527 Z M 20842,10504 C 20918,10504 20981,10442 20981,10365 20981,10289 20918,10226 20842,10226 20765,10226 20703,10289 20703,10365 20703,10442 20765,10504 20842,10504 Z "/>
          <path fill="rgb(0,124,49)" stroke="none" d="M 20842,10504 C 20918,10504 20981,10442 20981,10365 20981,10289 20918,10226 20842,10226 20765,10226 20703,10289 20703,10365 20703,10442 20765,10504 20842,10504 Z M 20842,10480 C 20905,10480 20957,10429 20957,10365 20957,10302 20905,10250 20842,10250 20778,10250 20727,10302 20727,10365 20727,10429 20778,10480 20842,10480 Z "/>
          <path fill="rgb(0,123,49)" stroke="none" d="M 20842,10480 C 20905,10480 20957,10429 20957,10365 20957,10302 20905,10250 20842,10250 20778,10250 20727,10302 20727,10365 20727,10429 20778,10480 20842,10480 Z M 20842,10457 C 20892,10457 20934,10416 20934,10365 20934,10315 20892,10273 20842,10273 20791,10273 20750,10315 20750,10365 20750,10416 20791,10457 20842,10457 Z "/>
          <path fill="rgb(0,122,48)" stroke="none" d="M 20842,10457 C 20892,10457 20934,10416 20934,10365 20934,10315 20892,10273 20842,10273 20791,10273 20750,10315 20750,10365 20750,10416 20791,10457 20842,10457 Z M 20842,10434 C 20880,10434 20911,10404 20911,10365 20911,10327 20880,10296 20842,10296 20803,10296 20773,10327 20773,10365 20773,10404 20803,10434 20842,10434 Z "/>
          <path fill="rgb(0,121,47)" stroke="none" d="M 20842,10434 C 20880,10434 20911,10404 20911,10365 20911,10327 20880,10296 20842,10296 20803,10296 20773,10327 20773,10365 20773,10404 20803,10434 20842,10434 Z M 20842,10411 C 20867,10411 20888,10391 20888,10365 20888,10340 20867,10319 20842,10319 20816,10319 20796,10340 20796,10365 20796,10391 20816,10411 20842,10411 Z "/>
          <path fill="rgb(0,120,47)" stroke="none" d="M 20842,10411 C 20867,10411 20888,10391 20888,10365 20888,10340 20867,10319 20842,10319 20816,10319 20796,10340 20796,10365 20796,10391 20816,10411 20842,10411 Z M 20842,10388 C 20854,10388 20865,10378 20865,10365 20865,10353 20854,10342 20842,10342 20829,10342 20819,10353 20819,10365 20819,10378 20829,10388 20842,10388 Z "/>
          <path fill="rgb(0,118,45)" stroke="none" d="M 20842,10388 C 20854,10388 20865,10378 20865,10365 20865,10353 20854,10342 20842,10342 20829,10342 20819,10353 20819,10365 20819,10378 20829,10388 20842,10388 Z "/>
         </g>
        </g>
       </pattern>
      </defs>
      <path style="fill:url(#pattern6)" d="M 21688,10014 L 21688,10712 21688,10712 21688,10723 21687,10735 21685,10746 21682,10757 21679,10768 21675,10779 21670,10789 21665,10799 21659,10809 21652,10818 21645,10827 21637,10835 21629,10843 21620,10850 21610,10857 21601,10863 21591,10869 21580,10873 21570,10877 21559,10881 21548,10883 21536,10885 21525,10886 21513,10887 21513,10887 19997,10887 19997,10887 19997,9840 19997,9840 21514,9840 21514,9840 21525,9840 21537,9841 21548,9843 21559,9846 21570,9849 21581,9853 21591,9858 21601,9863 21611,9869 21620,9876 21629,9883 21637,9891 21645,9899 21652,9908 21659,9918 21665,9927 21671,9937 21675,9948 21679,9958 21683,9969 21685,9980 21687,9992 21688,10003 21689,10015 21688,10014 Z "/>
     </g>
    </g>
   </g>
  </g>
  <g class="com.sun.star.drawing.CustomShape">
   <g id="id12">
    <rect class="BoundingBox" stroke="none" fill="none" x="19991" y="7470" width="1118" height="2372"/>
    <g>
     <defs>
      <linearGradient id="gradient4" x1="20549" y1="9840" x2="20549" y2="7469" gradientUnits="userSpaceOnUse">
       <stop offset="0" style="stop-color:rgb(180,129,0)"/>
       <stop offset="0.5" style="stop-color:rgb(214,161,0)"/>
       <stop offset="1" style="stop-color:rgb(255,191,0)"/>
      </linearGradient>
     </defs>
     <path style="fill:url(#gradient4)" d="M 19991,8638 L 21035,7470 21043,7473 21050,7476 21058,7479 21065,7483 21071,7488 21077,7494 21083,7500 21088,7508 21092,7516 21096,7526 21100,7537 21103,7550 21105,7564 21107,7580 21108,7616 21108,9841 21108,9841 19999,9841 19999,9841 19991,8638 Z "/>
    </g>
   </g>
  </g>
  <g class="com.sun.star.drawing.CustomShape">
   <g id="id13">
    <rect class="BoundingBox" stroke="none" fill="none" x="9084" y="7418" width="3718" height="4214"/>
    <path fill="rgb(3,22,39)" stroke="none" d="M 9085,7808 C 9085,7470 9064,7421 9252,7418 9480,7421 9796,7420 9937,7428 10079,7436 10183,7390 10182,7628 10182,7867 10140,9326 10163,9908 10186,10490 10322,10493 10824,10476 L 12368,10477 C 12914,10434 12768,10609 12795,11137 12821,11664 12776,11644 12156,11622 11504,11622 11090,11636 10200,11622 9310,11609 9098,10810 9089,10186 9081,9563 9085,8146 9085,7808 L 9085,7808 Z "/>
   </g>
  </g>
  <g class="com.sun.star.drawing.CustomShape">
   <g id="id14">
    <rect class="BoundingBox" stroke="none" fill="none" x="13058" y="7421" width="4544" height="4189"/>
    <path fill="rgb(3,22,39)" stroke="none" d="M 13066,8709 C 13067,8106 13303,7420 13911,7422 L 17550,7430 C 17711,7435 17442,7913 17382,8022 17322,8131 17218,8361 16994,8366 16770,8372 15143,8342 14674,8364 14205,8386 14196,8530 14180,8661 14164,8793 14171,8847 14180,8949 14520,8934 16775,8944 16888,8940 17001,8937 16720,9395 16606,9589 16491,9783 16398,9861 16242,9861 L 14154,9850 C 14152,10369 14175,11212 14167,11417 14158,11622 14078,11599 13982,11605 13885,11612 13489,11605 13242,11605 13140,11605 13058,11521 13058,11417 13060,10514 13065,9312 13066,8709 L 13066,8709 Z "/>
   </g>
  </g>
  <g ooo:text-adjust="center" class="TextShape">
   <g id="id15">
    <rect class="BoundingBox" stroke="none" fill="none" x="4021" y="11500" width="17480" height="2619"/>
    <text class="SVGTextShape"><tspan class="TextParagraph"><tspan class="TextPosition" x="7724" y="13543"><tspan font-family="Liberation Sans, sans-serif" font-size="2117px" font-weight="400" lengthAdjust="spacingAndGlyphs" textLength="10073" fill="rgb(0,0,0)" stroke="none" style="white-space: pre">Business</tspan></tspan></tspan></text>
   </g>
  </g>
 </g>
</svg>